nombre_entidad;anio;pct_pet;fuerza_trabajo;fuerza_trabajo_potencial;desocupados;pet;fuera_fuerza_trabajo;ocupados;subocupados;poblacion_total_geih;tgp;td;to;ts
BARRANQUILLA;2007;71.44892989810502;672.44340608;0.0;62.92892824366667;1123.7223333333334;451.2789272533333;609.5144778333333;41.32577575933333;1572.763;59.84070852141114;9.358248987897737;54.24066602158837;6.145613948427481
BARRANQUILLA;2008;71.79900156413804;675.0193124799999;0.0;69.888844718;1143.2966666666669;468.2773541866666;605.1304677633333;39.71876914833334;1592.3573333333334;59.041483471481584;10.353606693300458;52.928560487070996;5.884093745763779
BARRANQUILLA;2009;72.15017100142613;742.2950126733334;0.0;67.02302110566667;1162.7613333333334;420.46632066;675.2719915633334;48.50854969433334;1611.585;63.83898323703002;9.029162255083333;58.07485785819044;6.534942154552883
BARRANQUILLA;2010;72.50255895618308;743.8069999999999;0.0;69.92266666666667;1181.9526666666668;438.1456666666666;673.8846666666667;68.38499999999999;1630.2219999999998;62.93035423302341;9.400646493870948;57.014522296155114;9.193917239283847
BARRANQUILLA;2011;72.86075517202183;770.7453333333333;0.0;63.400000000000006;1200.7933333333333;430.048;707.346;94.37933333333332;1648.066;64.18634347292624;8.225803940428229;58.9065562211649;12.245203344295305
BARRANQUILLA;2012;73.23354657309258;786.8406666666666;0.0;68.93633333333332;1219.6446666666668;432.8039999999999;717.9046666666667;77.10066666666667;1665.418;64.51392673385197;8.761155371566119;58.8617887067654;9.798764849469736
BARRANQUILLA;2013;73.62345295147924;783.1046666666666;0.0;63.99966666666668;1238.7776666666666;455.673;719.1053333333333;58.308;1682.5856666666666;63.21591741106085;8.172555903553125;58.04958812894323;7.44574799281833
BARRANQUILLA;2014;74.02294751798757;828.2959999999999;0.0;63.94833333333333;1257.9563333333333;429.6603333333333;764.3476666666666;107.96233333333333;1699.414;65.84457489117932;7.720468689132066;60.761065103213696;13.034269552591507
BARRANQUILLA;2015;74.42751311709705;854.3926666666666;0.0;76.21033333333334;1279.175;424.7823333333333;778.183;116.359;1718.6856666666665;66.79247692197445;8.9198253106105;60.83475677682881;13.618913707904795
BARRANQUILLA;2016;74.81935478565181;864.7693333333333;0.0;65.57333333333334;1304.0063333333335;439.237;799.1959999999999;85.33699999999999;1742.8730000000003;66.31634457808102;7.582754245062653;61.28773914441621;9.868180647787387
BARRANQUILLA;2017;75.1764473790659;853.382;0.0;66.83466666666666;1335.0106666666668;481.6286666666667;786.5476666666667;95.935;1775.8363333333334;63.923234570909784;7.8317408460298745;58.91695746750587;11.241741681919704
BARRANQUILLA;2018;75.49445192315032;887.6336666666666;0.0;80.26633333333332;1384.454;496.82033333333334;807.3676666666667;105.78566666666666;1833.8486666666668;64.11434880947048;9.042731967880142;58.316684170558695;11.917716805844453
BARRANQUILLA;2019;75.78243736971638;908.3560000000001;0.0;75.73633333333333;1442.1850000000002;533.8290000000001;832.6199999999999;123.08566666666665;1903.0596666666668;62.98470723242857;8.337736893171105;57.73323117353182;13.550377458470757
BARRANQUILLA;2020;76.06739842266134;883.1616666666667;0.0;116.82433333333334;1484.756;601.5943333333333;766.3376666666667;128.02466666666666;1951.8953333333332;59.48193956897071;13.227966944519407;51.613710715206174;14.496175671875852
BARRANQUILLA;2021;76.3671765967965;968.0619999999999;44.87166666666667;132.756;1513.9080000000001;545.846;835.3059999999999;141.54666666666665;1982.4066666666668;63.94457258961573;13.713584460499431;55.175479619633414;14.621653020846463
BARRANQUILLA;2022;76.63173208073924;1024.2456666666667;82.82600000000001;114.21833333333332;1536.0406666666668;511.795;910.0273333333333;132.556;2004.4446666666665;66.68089516727204;11.151458780884923;59.24500262796861;12.941817018508257
BARRANQUILLA;2023;77.00525638313832;1019.4742354157369;92.28739481462837;86.34698390071588;1560.6003333333258;541.1260979175966;933.1272515150218;98.59998387737464;2026.6153333333327;65.32577327073973;8.469756360787674;59.792839433907574;9.671650391161284
BARRANQUILLA;2024;77.47905080798724;1038.120861375329;87.16492812138048;104.37067358622285;1586.3476666666613;548.2268052913358;933.7501877891038;99.56201089934062;2047.453666666663;65.44094230974584;10.053807554541379;58.86163590804539;9.590599187789978
BARRANQUILLA;2025;77.81605656325993;1052.6726024329394;79.08465663282416;91.81622408488106;1609.0596666666668;556.387064233726;960.8563783480591;93.60203742064438;2067.7733333333263;65.42160146327322;8.722201363716998;59.71539764827817;8.891847019131223
CARTAGENA DE INDIAS;2007;70.58425457871446;354.19109135;0.0;43.23352954333333;558.7176666666667;204.52657531666668;310.95756181;37.07633038133333;791.5613333333334;63.3935729047408;12.206272432925585;55.65558069161944;10.467889025671658
CARTAGENA DE INDIAS;2008;70.9506547606412;322.86017347;0.0;35.57756360033333;568.192;245.33182653000003;287.28260987;24.263114634333334;800.8269999999999;56.82237227380885;11.01949590683695;50.560833286987496;7.515053459075172
CARTAGENA DE INDIAS;2009;71.28774417262227;349.2038874433333;0.0;47.21491865366667;578.3776666666666;229.17377922333333;301.98896879;51.90153462000001;811.3283333333333;60.376447357637716;13.520731111943427;52.21311025552509;14.862816963463008
CARTAGENA DE INDIAS;2010;71.58797751692016;347.58733333333333;0.0;29.74066666666667;585.7013333333333;238.114;317.8466666666667;38.72833333333333;818.156;59.345491217366764;8.556314863794423;54.2677041313434;11.142043917979366
CARTAGENA DE INDIAS;2011;71.84848046578632;391.4506666666666;0.0;36.38133333333333;592.8213333333333;201.37066666666666;355.06933333333336;22.58966666666667;825.0993333333334;66.03181172067582;9.293976593048763;59.89483059539018;5.7707569791680875
CARTAGENA DE INDIAS;2012;72.11252033902178;392.85266666666666;0.0;34.44866666666667;599.6370000000001;206.7843333333333;358.40366666666665;22.755666666666666;831.5296666666667;65.51508106849087;8.768851426913228;59.77010535818614;5.79241751360561
CARTAGENA DE INDIAS;2013;72.42916577802254;402.50066666666663;0.0;36.592666666666666;606.7613333333334;204.26066666666665;365.90799999999996;31.95933333333333;837.7306666666667;66.33591241806222;9.091330697588909;60.30509524887324;7.940193887877618
CARTAGENA DE INDIAS;2014;72.77925934941071;421.87466666666666;0.0;31.240666666666666;613.9466666666667;192.072;390.634;32.248;843.5736666666667;68.71519784563263;7.405200912751339;63.626699387568955;7.643976410055435
CARTAGENA DE INDIAS;2015;73.18050953380649;416.7093333333334;0.0;32.22533333333333;621.9906666666667;205.28133333333335;384.484;28.252333333333336;849.9403333333333;66.99607496789878;7.7332881112974015;61.81507546737035;6.779865741748045
CARTAGENA DE INDIAS;2016;73.45042450635563;424.7726666666667;0.0;35.955999999999996;629.8993333333333;205.12666666666667;388.8166666666666;16.572;857.5843333333333;67.4350081335748;8.4647631125041;61.7267944401698;3.9013809739798067
CARTAGENA DE INDIAS;2017;74.19639670032458;420.296;0.0;25.253;643.6683333333334;223.37233333333333;395.04299999999995;16.205000000000002;867.5196666666666;65.2969826592888;6.0083845670670195;61.37368883042767;3.8556160420275236
CARTAGENA DE INDIAS;2018;75.23293230509704;452.7046666666667;0.0;41.69433333333333;665.3966666666666;212.692;411.01;34.564;884.4486666666667;68.03530726033094;9.210051586243864;61.76917026936314;7.634999712837066
CARTAGENA DE INDIAS;2019;75.45343224412801;462.5353333333333;0.0;26.808666666666667;682.5243333333333;219.989;435.72666666666663;18.57766666666667;904.5636666666666;67.76832865055361;5.796025672993632;63.84045892380882;4.016485947740209
CARTAGENA DE INDIAS;2020;75.80195093691304;468.5623333333333;0.0;48.383;696.9653333333334;228.40300000000002;420.17966666666666;65.22633333333334;919.4556666666667;67.22892960721144;10.325840674346425;60.28702527528868;13.92052427033899
CARTAGENA DE INDIAS;2021;76.10959901505933;462.0643333333333;21.554;59.272;708.0293333333334;245.965;402.79266666666666;64.52633333333334;930.2760000000002;65.26062008730335;12.827650983665334;56.88926259175702;13.964794224180906
CARTAGENA DE INDIAS;2022;76.38275662311341;470.93499999999995;22.558666666666664;50.01233333333334;716.8473333333333;245.91233333333332;420.92233333333337;65.935;938.4936666666666;65.69529913854275;10.619795371618874;58.71854630135102;14.000870608470386
CARTAGENA DE INDIAS;2023;76.72108160479141;468.1178659600434;26.85580860781755;52.28288079029106;725.8773333333318;257.75946737328877;415.83498516975334;50.45317253163386;946.1249999999987;64.48994127015645;11.168742872709267;57.287225550931595;10.77787800902697
CARTAGENA DE INDIAS;2024;77.1234362677714;455.58588561786434;26.97312504086054;49.854597243246644;734.437999999996;278.8521143821352;405.7312883746185;45.8942733292181;952.2889999999979;62.03190543216266;10.942963515130408;55.24377665298101;10.073681994554422
CARTAGENA DE INDIAS;2025;77.44890792660732;481.6026296083124;33.007914947308734;68.07835338552536;742.1569999999971;260.55437039168856;413.5242762227858;45.58702372419209;958.2536666666559;64.89228419435703;14.135793536030631;55.71924487982831;9.465692444675405
MONTERÍA;2007;72.76452435913012;171.51968876;0.0;20.58632821266667;249.552;78.03231123933334;150.93336054666665;22.063576354000002;342.9583333333333;68.73104153042252;12.002312015311674;60.481727474300605;12.863582317288715
MONTERÍA;2008;73.2369576815718;184.74502508333333;0.0;24.480825269333334;252.57766666666666;67.83264158333333;160.26419981333333;23.865804306666664;344.87733333333335;73.14384819586847;13.251141814666303;63.45145314246575;12.918239230475335
MONTERÍA;2009;73.5404632809033;184.18472415;0.0;27.880825342333328;257.43133333333327;73.24660918100001;156.30389881;21.776824649666665;350.05400000000003;71.54712744757828;15.137425468372278;60.716734356346166;11.82336089497391
MONTERÍA;2010;73.79555654177884;195.28866666666667;0.0;28.352;261.61533333333335;66.32666666666667;166.93633333333332;36.45466666666667;354.51366666666667;74.64725563995994;14.517995582607627;63.809842950081915;18.66706721332182
MONTERÍA;2011;73.95030389238515;199.4573333333333;0.0;21.286333333333335;265.488;66.03066666666666;178.17066666666665;29.56866666666667;359.0086666666666;75.12856827176118;10.672123695627471;67.110628980092;14.824557298804091
MONTERÍA;2012;74.07429493024988;192.99066666666667;0.0;22.609333333333336;269.145;76.15433333333334;170.38133333333332;19.249;363.3446666666667;71.70509081226353;11.715247024035707;63.30466229479772;9.974057467373205
MONTERÍA;2013;74.25605222594979;198.5616666666667;0.0;19.930000000000003;272.99;74.42833333333333;178.63133333333334;16.804666666666666;367.63333333333327;72.73587555099698;10.037184082191091;65.4351197235552;8.463197831068433
MONTERÍA;2014;74.49202789028196;195.35833333333335;0.0;13.333333333333334;276.98966666666666;81.63133333333333;182.025;6.678666666666666;371.838;70.52910517720878;6.82506505140127;65.71544786869306;3.4186750842468956
MONTERÍA;2015;74.74581769066332;197.89866666666663;0.0;14.683;281.125;83.22633333333333;183.21533333333332;10.802;376.108;70.3952571513265;7.419453727160029;65.17219504965169;5.458349054061339
MONTERÍA;2016;74.9935374194368;193.62233333333333;0.0;16.570333333333334;285.27166666666665;91.64933333333333;177.05166666666665;11.188333333333333;380.395;67.87296319882218;8.55806923099436;62.06423117145644;5.778431207143804
MONTERÍA;2017;75.23885419208361;203.5773333333333;0.0;19.768666666666665;289.8516666666667;86.27433333333333;183.80866666666665;12.716666666666667;385.24199999999996;70.23500526131181;9.71064231119378;63.41473512313769;6.246602437730462
MONTERÍA;2018;75.59053503392612;205.859;0.0;20.395666666666667;294.888;89.029;185.463;16.427666666666667;390.1123333333333;69.80921570223272;9.907590470500034;62.89269146252137;7.980057547479909
MONTERÍA;2019;76.0110557345268;208.74633333333335;0.0;25.235333333333333;299.028;90.28166666666668;183.5103333333333;22.411;393.40066666666667;69.80828997061592;12.08899477675456;61.36894649776386;10.735996959627235
MONTERÍA;2020;76.39684623945263;201.3116666666667;0.0;31.67866666666667;302.736;101.42433333333334;169.63333333333333;20.092;396.2676666666666;66.49743230625585;15.736130543849915;56.033419657171045;9.980544263869454
MONTERÍA;2021;76.77264311417788;185.41366666666667;8.380333333333335;26.322333333333333;306.1526666666667;120.73899999999999;159.09099999999998;12.201333333333332;398.77833333333336;60.562486254134654;14.19654430363817;51.96459718354023;6.580600854665514
MONTERÍA;2022;77.12025358558846;189.701;7.369;24.533333333333335;309.14733333333334;119.44633333333333;165.1676666666667;13.63;400.86400000000003;61.362651249350364;12.93263258144835;53.426845021036364;7.184991117600857
MONTERÍA;2023;77.4652492919886;203.88753247164126;10.51361644826634;24.215494739596252;311.916666666665;108.02913419502522;179.67203773204514;12.34602493547606;402.6536666666652;65.3660269746115;11.876888422770229;57.60257688443904;6.055311369856942
MONTERÍA;2024;77.80458901238178;202.6434968240686;8.6576177042069;20.574833791629562;314.26933333333017;111.62583650926467;182.06866303243922;11.69775563156588;403.9213333333301;64.48083708159157;10.15321691250337;57.93395782569974;5.7725788465453
MONTERÍA;2025;78.12488172832131;201.83527637302632;6.634620230040609;17.206548741541912;316.5156666666659;114.68039029364067;184.6287276314846;11.483704438791627;405.1406666666667;63.76786289873808;8.525045299683514;58.33162369998064;5.689641892712435
RIOHACHA;2007;63.985553157536316;41.938772819;0.0;7.299786112;62.95133333333333;21.012560514333334;34.63898670766667;5.891152909333333;98.38366666666666;66.62094446344796;17.40581715040764;55.02502468732461;14.047032169392418
RIOHACHA;2008;64.28064347616433;39.297683903333336;0.0;6.282955049000001;63.98666666666666;24.688982763333332;33.014728854333335;5.351907484333334;99.54266666666666;61.41542597937072;15.988105213669002;51.59626305636592;13.618887814096775
RIOHACHA;2009;64.5389603976693;45.21866970966666;0.0;6.161629137666666;65.35000000000001;20.131330290333334;39.057040572333335;7.109952194333334;101.25666666666666;69.1945978724815;13.626294575290121;59.765938136699816;15.723488196322144
RIOHACHA;2010;64.70852104767191;47.119;0.0;5.377;66.83699999999999;19.718;41.742;7.822333333333333;103.28933333333333;70.49837664766522;11.41153250281203;62.45343148256206;16.60122951109602
RIOHACHA;2011;64.75920841008983;48.258;0.0;5.588;68.316;20.058000000000003;42.669999999999995;6.877666666666666;105.49233333333335;70.63938169682066;11.57942724522359;62.45974588676151;14.251868429414118
RIOHACHA;2012;64.83095639917657;50.43833333333333;0.0;6.656666666666666;69.915;19.476666666666667;43.782000000000004;7.266333333333333;107.842;72.14236334596772;13.197634074612562;62.62175498819995;14.406370815847735
RIOHACHA;2013;65.0660790288257;49.96933333333334;0.0;4.440333333333333;71.74966666666667;21.78033333333333;45.528999999999996;7.7250000000000005;110.272;69.64399370031917;8.886116818315232;63.4553470631687;15.459481815513515
RIOHACHA;2014;65.43224112544128;52.70666666666667;0.0;5.6063333333333345;73.767;21.060333333333332;47.10033333333334;7.4239999999999995;112.738;71.45019679079626;10.636858082469013;63.85014075851443;14.08550467998988
RIOHACHA;2015;65.87274995956282;52.656666666666666;0.0;5.596666666666667;76.02066666666667;23.364;47.059666666666665;7.628333333333334;115.40533333333333;69.26625215950048;10.62860036715832;61.90378055090282;14.486927897702095
RIOHACHA;2016;66.36600796951478;55.083333333333336;0.0;6.833666666666666;78.778;23.694666666666667;48.24933333333333;9.233666666666666;118.70233333333333;69.92222871021521;12.406051437216338;61.247217920400786;16.76308623298033
RIOHACHA;2017;66.87422336552505;55.937666666666665;0.0;6.9943333333333335;81.80233333333334;25.864666666666665;48.943000000000005;9.088;122.32266666666668;68.38150501004453;12.503798871362767;59.8308116720387;16.24665550344729
RIOHACHA;2018;67.54040159531549;56.955999999999996;0.0;8.561;87.891;30.935000000000002;48.395;9.832666666666666;130.131;64.80299461833407;15.0309010464218;55.06252062213424;17.263618699815062
RIOHACHA;2019;68.20002210552802;64.15566666666668;0.0;9.423333333333334;96.66966666666667;32.514;54.73233333333334;11.133333333333335;141.74433333333334;66.36587140399092;14.688232268388864;56.61789806523247;17.35362425766495
RIOHACHA;2020;68.64893073759842;61.46099999999999;0.0;11.733666666666666;102.16699999999999;40.705999999999996;49.727;7.762;148.82533333333333;60.157389372302205;19.091239430967065;48.67227186860728;12.629146938709102
RIOHACHA;2021;68.99548018639851;65.24066666666666;3.0276666666666663;10.455;105.024;39.78333333333333;54.785666666666664;4.190333333333333;152.21866666666668;62.119769449522636;16.02528075535709;52.1649019906561;6.422885521300621
RIOHACHA;2022;69.28877892416246;64.27366666666667;4.918666666666667;10.494666666666667;107.07033333333334;42.79666666666666;53.778999999999996;7.583666666666666;154.52766666666665;60.029388781828764;16.32809704337183;50.227731926988795;11.799026039694844
RIOHACHA;2023;69.70408044085325;68.28691129856209;6.2034100874496625;9.45112189693174;109.41333333333293;41.12642203477111;58.835789401630244;7.081333991260273;156.96833333333277;62.411873597272425;13.840312465751767;53.773875275679806;10.369972600312037
RIOHACHA;2024;70.24835000908823;70.02369943791167;2.6822841734329095;10.963861111943793;112.07866666666591;42.054967228754904;59.05983832596792;5.230902803511511;159.54633333333237;62.47727736284527;15.65735772310228;52.69498655048982;7.470189158100146
RIOHACHA;2025;70.7581643402689;73.301281505026;5.456142293112167;8.089079186340438;114.632;41.3307184949741;65.21220231868563;5.95102736239327;162.00533333333271;63.94486836574953;11.035385767144875;56.88830546329613;8.118585705742715
SANTA MARTA;2007;70.09161532374618;170.31206038;0.0;18.432851664;263.6666666666667;93.354606289;151.87920871333333;26.220567230333334;376.1743333333333;64.59370178761061;10.822986712081724;57.60273402528444;15.395602150446683
SANTA MARTA;2008;70.31696480187635;175.67020608666667;0.0;26.249919788;269.6226666666667;93.95246058100001;149.42028630000001;24.292323332666665;383.439;65.15409414885987;14.94272726876044;55.41829555625887;13.828368437549438
SANTA MARTA;2009;70.54323634228601;183.94582727;0.0;18.135358725666666;275.54;91.59417273066667;165.81046854333331;27.35061804733333;390.5973333333333;66.75830270378165;9.859075900127467;60.17655097021605;14.868843970669394
SANTA MARTA;2010;70.7711745186447;184.24433333333332;0.0;19.046;281.381;97.13666666666666;165.198;15.805;397.5926666666667;65.47859782051145;10.337359991171144;58.709720983293124;8.578282823714163
SANTA MARTA;2011;71.00421273052541;188.06233333333333;0.0;18.257;287.09133333333335;99.029;169.80566666666667;19.326333333333334;404.33;65.50609910435006;9.707951441631943;59.14691491906176;10.276557240773007
SANTA MARTA;2012;71.26291795778647;197.182;0.0;19.584;292.83833333333337;95.65633333333334;177.59799999999998;21.527;410.9266666666667;67.3347637775109;9.931941049385847;60.6471147333853;10.917325110811332
SANTA MARTA;2013;71.56164182286705;195.221;0.0;18.558333333333334;298.72;103.49900000000001;176.66266666666664;24.170666666666666;417.4303333333334;65.3525040171398;9.50632018754813;59.139885734690225;12.381181669321776
SANTA MARTA;2014;71.88812806223115;199.63733333333334;0.0;21.661666666666665;304.59766666666667;104.96033333333332;177.9753333333333;27.259;423.71066666666667;65.54132062731932;10.85050892284676;58.42964435052577;13.654259724300063
SANTA MARTA;2015;72.29887612428232;201.496;0.0;19.282;311.164;109.66799999999999;182.21366666666665;26.418333333333333;430.38566666666674;64.75556298286435;9.569420732917774;58.55872358841854;13.111095671047233
SANTA MARTA;2016;72.59516487329995;192.10733333333334;0.0;16.189666666666668;317.969;125.86166666666668;175.9176666666667;20.096;438.003;60.417000818738096;8.427406901003257;55.32541432236058;10.460818778391246
SANTA MARTA;2017;73.44341070944164;199.19266666666667;0.0;15.104999999999999;328.4986666666667;129.306;184.088;19.576999999999998;447.28133333333335;60.637283154878354;7.583110489341976;56.03919244725498;9.828173058579798
SANTA MARTA;2018;74.65500087067164;210.538;0.0;17.457666666666668;344.4056666666666;133.86766666666665;193.08066666666664;18.210333333333335;461.3296666666667;61.1308176307591;8.29193146447039;56.061988914235826;8.649428290063236
SANTA MARTA;2019;75.01895157906515;218.312;0.0;28.415333333333336;357.58033333333333;139.26833333333335;189.89666666666668;19.88533333333333;476.65333333333336;61.05257466620555;13.015928273907681;53.1060153382783;9.108676267604771
SANTA MARTA;2020;75.50309033134019;212.958;0.0;37.40133333333333;367.58;154.62199999999999;175.557;21.838000000000005;486.84100000000007;57.93514337015072;17.562774506397194;47.760215463300504;10.254604194254268
SANTA MARTA;2021;75.94273435924913;220.16366666666667;14.17;32.232;374.1683333333333;154.00466666666668;187.9316666666667;17.024;492.69800000000004;58.84080694518066;14.640017804936022;50.226502331838184;7.7324293593705296
SANTA MARTA;2022;76.33041270369831;234.17600000000002;9.689333333333334;23.676333333333332;378.98533333333336;144.80933333333334;210.49966666666668;19.197333333333333;496.5063333333333;61.790253976407186;10.110486699462513;55.54295856655842;8.197822720233214
SANTA MARTA;2023;76.81746030688298;229.64334997041385;10.9172587442038;23.350066975631695;384.25066666666777;154.60731669625338;206.2932829947817;21.059576608607134;500.21266666666696;59.763943147462726;10.16797001900556;53.68716332605308;9.17055800279884
SANTA MARTA;2024;77.39946421514558;224.38848705307296;5.022392204250323;20.096556103796765;389.75299999999936;165.36451294692725;204.29193094927604;21.04513214347681;503.560333333331;57.571971749562756;8.956144037391487;52.41574303450554;9.378882321399654
SANTA MARTA;2025;77.83983314747445;234.4989606278199;3.4342020686881916;23.071372870454972;394.6126666666679;160.1137060388475;211.42758775736453;19.011050611248326;506.9546666666658;59.42509717406077;9.838582144964052;53.57851017386599;8.107093762953308
SINCELEJO;2007;71.25753045177402;102.97678539666667;0.0;10.773352774000001;156.56633333333335;53.589547935666666;92.203432624;12.791247835333332;219.71899999999997;65.77198507767741;10.46192375543773;58.89097014726452;12.421486829348414
SINCELEJO;2008;71.5491863633569;98.14038401633333;0.0;10.457359941;159.035;60.89461598366666;87.68302407533334;7.388810277;222.27366666666663;61.709928013539994;10.655511536677501;55.13441951478186;7.528817368159364
SINCELEJO;2009;71.83026948789588;99.96292640233332;0.0;11.219813361333332;161.45433333333332;61.491406930000004;88.743113042;9.120532556333332;224.77200000000002;61.91405602967196;11.223974492478883;54.96483817426188;9.123915119916338
SINCELEJO;2010;72.05293719904546;111.03466666666667;0.0;14.975;163.74966666666668;52.714999999999996;96.06;17.027666666666665;227.263;67.80756805611817;13.486778903885874;58.66271483504292;15.335450790143618
SINCELEJO;2011;72.20223939826147;113.943;0.0;13.181;165.87333333333333;51.93033333333333;100.762;15.327999999999998;229.73433333333332;68.69277762147823;11.568064734121446;60.74635263855954;13.452340205190314
SINCELEJO;2012;72.37566126172685;116.51100000000001;0.0;10.764333333333333;168.05266666666668;51.541666666666664;105.74633333333333;9.132;232.19500000000002;69.33005129344372;9.238898759201563;62.92451969422284;7.837886551484408
SINCELEJO;2013;72.63044098991533;115.5;0.0;11.206000000000001;170.4246666666667;54.92466666666667;104.29366666666665;10.372333333333335;234.64633333333336;67.77187965748305;9.702164502164504;61.196344817064805;8.980375180375182
SINCELEJO;2014;72.9568794852759;118.205;0.0;9.808333333333334;172.96033333333332;54.75533333333333;108.39666666666666;9.228666666666667;237.07200000000003;68.34225959324007;8.297731342441804;62.671402498838845;7.807340355032924
SINCELEJO;2015;73.34397601502955;119.66066666666666;0.0;9.895999999999999;175.8096666666667;56.149;109.76466666666666;13.559666666666667;239.70566666666664;68.06262075084987;8.27005253745313;62.4338062563871;11.331765938125033
SINCELEJO;2016;73.74509685429554;123.65633333333335;0.0;11.730666666666666;178.98033333333333;55.324000000000005;111.92533333333334;20.687;242.70133333333334;69.08934128703154;9.486506958802487;62.53498987784506;16.72943022193229
SINCELEJO;2017;74.11182554759934;131.95533333333336;0.0;11.777666666666667;182.573;50.61766666666667;120.17766666666667;11.479333333333335;246.34799999999998;72.27538208460909;8.925494990729185;65.82444647711692;8.699408385665857
SINCELEJO;2018;74.4927989649175;132.49733333333333;0.0;13.471333333333334;187.30866666666668;54.81133333333333;119.026;15.389666666666665;251.44533333333334;70.73742805992246;10.167248649029414;63.54537786114185;11.61507652984211
SINCELEJO;2019;74.93934520077418;128.18766666666667;0.0;16.930000000000003;192.42999999999998;64.24233333333333;111.25766666666668;16.176;256.781;66.61521938713646;13.207198820479352;57.817214917978845;12.618998707623977
SINCELEJO;2020;75.33269676436339;121.99166666666667;0.0;18.761666666666667;196.44733333333332;74.45566666666667;103.22999999999998;12.879;260.77299999999997;62.098917097373004;15.379465810506183;52.54843537368793;10.557278502629961
SINCELEJO;2021;75.71271500246442;127.372;4.761666666666667;19.834;199.69733333333338;72.32533333333333;107.53733333333332;9.995333333333333;263.75666666666666;63.782524219986236;15.571711208114813;53.85015990866175;7.847355253378555
SINCELEJO;2022;76.05111867515387;119.22466666666666;6.5906666666666665;15.052999999999999;202.352;83.12733333333334;104.17166666666667;10.331333333333333;266.07366666666667;58.91944071057694;12.625742995017808;51.4804235523576;8.665432768386855
SINCELEJO;2023;76.4301695420871;123.96363298393523;6.917151934130523;12.78824746490344;204.9653333333335;81.00170034939835;111.17538551903169;10.603059797317412;268.1733333333339;60.480292431859276;10.316128333025464;54.24106784839954;8.553363226045088
SINCELEJO;2024;76.85791920956756;128.61773901821482;6.903733599800391;14.844573015281938;207.33166666666756;78.7139276484516;113.773166002933;11.255115736112892;269.7596666666695;62.03477794108358;11.541621807843825;54.87495848178804;8.750826924829507
SINCELEJO;2025;77.22249190441394;134.2570063462922;9.635344771183558;15.288310437442922;209.4569999999986;75.1999936537081;118.96869590884928;8.668272501737546;271.2383333333307;64.09764598284761;11.387346443588521;56.798624972595846;6.456476825782389
VALLEDUPAR;2007;68.09441279227069;144.14236928333332;0.0;19.037442552666665;231.54733333333334;87.40496404733334;125.10492673333333;19.394872348666667;340.03866666666664;62.25179414000305;13.207388394765271;54.02995790637479;13.455358369018585
VALLEDUPAR;2008;68.42561801488185;143.46201712;0.0;16.155282594333332;238.75500000000002;95.29298287966667;127.30673452666667;9.827139722666667;348.92633333333333;60.08754460430148;11.261017319183592;53.32107580015776;6.849994109902047
VALLEDUPAR;2009;68.73229025502033;163.39038363333333;0.0;17.043873125999998;245.476;82.085616365;146.34651051;14.806373310666666;357.14799999999997;66.5606346988436;10.431380811399766;59.61744142400887;9.0619612864695
VALLEDUPAR;2010;68.99820063388837;169.72366666666667;0.0;20.357;251.80433333333335;82.08066666666667;149.36666666666667;23.549666666666667;364.9433333333333;67.40299677130258;11.994202340667476;59.31854495487898;13.875299260955554
VALLEDUPAR;2011;69.23623118201102;171.70033333333333;0.0;18.734333333333336;257.74733333333336;86.04699999999998;152.966;14.124;372.27233333333334;66.61575548146634;10.911064043750644;59.347267737655216;8.225959569094217
VALLEDUPAR;2012;69.48563930371637;174.2516666666667;0.0;17.483333333333334;263.71166666666664;89.46;156.768;13.889333333333333;379.51966666666664;66.0765861705019;10.033380838059895;59.4467442345491;7.970846763780355
VALLEDUPAR;2013;69.77506039558136;172.4476666666667;0.0;14.867666666666667;269.859;97.41133333333335;157.58066666666664;10.595;386.7556666666666;63.90287767562568;8.621552818922842;58.39370436660132;6.143892929835718
VALLEDUPAR;2014;70.0905408846964;182.207;0.0;18.152666666666665;276.1326666666667;93.92566666666666;164.05399999999997;9.677999999999999;393.96566666666666;65.98531140828442;9.962661515016803;59.41129746812521;5.311541268996251
VALLEDUPAR;2015;70.45675695181245;182.08633333333333;0.0;19.685;283.1133333333334;101.027;162.401;10.188;401.8256666666667;64.31570395836765;10.810805863152826;57.362540325429144;5.59514808909327
VALLEDUPAR;2016;70.77697098212656;183.21966666666665;0.0;21.016333333333332;290.82800000000003;107.60833333333333;162.20333333333335;14.924333333333331;410.90766666666667;62.99932147752851;11.470566296558411;55.77294254106665;8.145595723894267
VALLEDUPAR;2017;71.40521972598414;194.698;0.0;25.462;301.41333333333336;106.71533333333332;169.23566666666667;14.777000000000001;422.1166666666666;64.59501902149871;13.077689549969696;56.14737237901441;7.5897030272524635
VALLEDUPAR;2018;72.26627845903023;204.88433333333333;0.0;31.483000000000004;317.3713333333333;112.48700000000001;173.40066666666667;16.861666666666668;439.1693333333333;64.55666023186299;15.366231027913313;54.63652461785038;8.229846759065685
VALLEDUPAR;2019;72.68539927117051;207.3216666666667;0.0;34.309333333333335;333.22766666666666;125.906;173.01200000000003;15.825000000000001;458.452;62.21622254254599;16.5488411727348;51.92005865859478;7.633066169318209
VALLEDUPAR;2020;73.12346804530524;199.7196666666667;0.0;40.026999999999994;345.163;145.4433333333333;159.693;20.00133333333333;472.0276666666667;57.862420556857685;20.041591630936022;46.26596709380785;10.014703943360608
VALLEDUPAR;2021;73.51443630365141;213.78633333333335;11.145000000000001;35.37566666666667;353.25499999999994;139.46866666666668;178.41033333333334;21.016666666666666;480.5246666666667;60.51898298207623;16.547206790580628;50.504687359933584;9.830687649194912
VALLEDUPAR;2022;73.87250078910738;217.636;14.179;31.416666666666668;359.63866666666667;142.00266666666667;186.21899999999997;20.436000000000003;486.837;60.51518375851317;14.435418159985788;51.77947124706649;9.389990626550757
VALLEDUPAR;2023;74.29606657460792;216.15978817828008;13.10441657789402;23.691235382956105;366.2206666666667;150.0608784883861;192.46855279532443;20.16820386958309;492.92066666666517;59.024464715703296;10.960056716662077;52.555349906156145;9.330229289894174
VALLEDUPAR;2024;74.78318718679934;216.87936372762718;14.66069213793594;26.724302383020632;372.83033333333486;155.9509696057066;190.15506134460622;15.589678741181812;498.5483333333332;58.17106183088454;12.322196968718032;51.0031090132881;7.1881798587165076
VALLEDUPAR;2025;75.18933384104426;222.71897235822453;14.004838105316141;20.378741716758924;379.122666666666;156.4036943084421;202.34023064146584;11.943455136263504;504.22399999999874;58.74588673803682;9.149980130108293;53.37064977425059;5.362567458803407
