nombre_entidad;anio;Instituciones;Infraestructura;Adopción TIC;Sostenibilidad ambiental;Salud;Educación básica y media;Educación superior y capacitación;Entorno para los negocios;Mercado laboral;Sistema financiero;Tamaño del mercado;Sofisticación y diversificación;Innovación
AMAZONAS;2019;4.967860325830616;1.1718468914839886;0.8032033704180624;6.060628139888925;5.683444274179355;3.726378172422955;2.6523406385882984;4.536244021062103;6.627385392688149;1.2423652156589529;0.6526317785982028;0.0;3.476689317622495
ANTIOQUIA;2019;6.168906240976456;6.322709515375128;4.90837646604223;4.532448226330487;7.563339095237511;6.529066646491718;5.528303087889838;7.080271046726768;7.010707118378047;5.163577281769122;7.213044986418547;8.917406905277334;4.714007702646624
ARAUCA;2019;3.938511648231076;4.740275427885628;1.6075567407806028;3.563567708875326;6.832310535075291;6.69231857113143;2.602816108530659;3.6992638815626093;4.691161667192217;0.9911906120825847;4.5649758044825;0.0;0.4038607009895825
ATLÁNTICO;2019;6.114132938185697;5.677123426763783;4.689713292239544;3.313397872804895;8.186057921958664;6.68050818167603;5.179125893773104;6.558065425868054;5.713916183742964;4.091823131354483;6.54154396963296;9.464315166837316;3.5289133947805738
BOGOTÁ, D.C.;2019;7.597148597415417;8.802830107261272;7.3798707690136105;4.79575474735343;8.392542142491152;7.707551746363121;6.4072479022163;8.643350623053788;7.796987956661656;6.777197027717796;7.922774546466566;9.549978652222885;5.178514365535878
BOLÍVAR;2019;5.29302494674158;6.334414416006917;2.8875587129816704;4.555835241721656;6.513969750199504;5.2610854796692905;3.7952631177038625;6.182672799106692;5.482397902059231;1.9437895241263226;6.535841429172981;9.372188661902952;2.308087820703699
BOYACÁ;2019;5.270571649968462;9.873411272183555;4.195454591832747;5.715906355345073;6.968424749054614;8.196480273544632;5.010287229416404;4.385224623364483;6.014238798870283;1.9084372050211065;5.318644540415454;5.2014885072005335;2.427717735054195
CALDAS;2019;5.733386694873497;5.06042710714392;5.139183944355315;5.816979676406454;7.733781617112837;6.491784372236465;5.858925616925593;5.842294806483847;7.121415974242153;2.9753636016955243;5.519258676475049;7.594999866358014;3.2511415685931278
CAQUETÁ;2019;4.531700330584006;4.917300178324119;2.7309395896772126;6.135147650992671;5.784214597917926;5.531255713739014;1.861804651714769;4.708927714316013;5.417968950724953;1.9386350772869334;1.7670403233962995;0.0;1.909065259953153
CASANARE;2019;4.67516669490981;5.0287234686234115;2.6988946788997836;5.1307820961326565;6.592748412103349;6.872289197246245;2.4144508937111264;5.179352916105371;6.865810839613236;1.6888911007599827;5.555305149472853;3.7259173234689236;0.9859237109862751
CAUCA;2019;4.4701570852699986;4.935816120851479;2.8075494284015576;5.973900999989137;6.4845115296316145;5.0651711103760295;3.5179061171337507;3.597129295865369;4.527309142080882;1.186128184670193;5.26934891989661;8.09081795271258;2.1364967947287545
CESAR;2019;4.811433081105092;5.372178372182924;2.8333249032694696;4.858867614464303;6.797584812657105;5.535751731034129;3.1128907423235646;4.933221729448963;5.032464867710377;1.1492577531474322;6.444005790590529;5.541990617110591;1.4981249486801382
CHOCÓ;2019;4.1607893349646625;4.065741314880089;1.4551817398338884;8.493717489139321;3.591296072530659;3.228012316506235;1.146151183355552;3.8199990098631127;4.902047499161122;0.6667446469322481;4.118340217128847;3.3156343736622333;2.673216411797423
CÓRDOBA;2019;4.390910633854965;5.442816588699447;2.132905085545626;6.160260721749968;6.005264907676805;5.851903459257062;3.0629257834887507;4.024550991545347;5.323017988730464;1.2989261306454267;5.082670843397832;6.178391378990189;2.205474294405122
CUNDINAMARCA;2019;6.120772361890791;8.890961890069772;3.660191035971758;5.577500829740902;6.626605009362633;7.316108692493765;3.7682387028476576;6.730594365876129;7.092174441591233;1.6098635105134997;6.6210885450648345;9.38325424877668;2.3785252709518727
GUAINÍA;2019;5.548356525520939;0.037322071362095983;1.9957379861869906;4.767619366037678;5.108099696376721;2.375395191867236;1.2284946773955627;3.2740088641268823;5.138919464664323;0.9454872249654865;0.17497837247934123;0.0;0.0
GUAVIARE;2019;5.1837048472347504;4.809195562735077;2.561322293764566;4.705031068418382;6.515683954982424;4.990616987162957;1.8367977214064892;4.996098567620236;6.482935275295095;1.3825035177221099;0.6952136833287343;0.0;0.005505205267411728
HUILA;2019;4.870041465051568;5.135529492228032;3.345697343196993;5.5738256144074185;7.220352822663059;7.083161335490285;2.915977052826168;4.74021262256667;5.010832316847235;3.2452731881065606;5.113248726650261;4.826293992607133;1.9559974460840661
LA GUAJIRA;2019;3.5418593063703545;5.520917043163652;1.6883979315558926;6.537428080613898;5.217040100859762;4.783077022294098;1.520774045365528;4.378096516461424;4.829808279849944;0.6193242228896679;6.119029042971541;4.385362144341424;2.148239598955861
MAGDALENA;2019;5.4058234007126185;5.673472082498526;2.9076070559647587;4.210484477176249;6.101407439495769;4.84213118356978;3.548150045677574;5.478870354282213;5.141545691760408;1.6845170330732715;5.261658478337915;7.923448345713182;1.9176260969050594
META;2019;5.351547155744273;5.32097199859326;3.3049087145440486;4.582773830686548;6.612207334838175;6.555040332437921;3.328253862921815;5.878295555322097;6.033669943041778;1.9042063261636772;5.5694588866758;3.2168835482907743;2.0440311044224355
NARIÑO;2019;5.012469132620803;5.23205022117716;2.5097658191110157;5.765065086239018;6.511464876022087;6.3601099809979535;3.045579738318544;4.118748429854144;4.94122199085139;1.940800028828732;4.92480287290376;6.28078795037366;1.916245295602739
NORTE DE SANTANDER;2019;4.950686402429538;5.576572708153309;4.042811370470627;3.5886969420939296;6.926323583526423;7.203945923790106;3.5985445151123825;5.100283967313624;4.38437384959181;2.4466271492388847;4.94509751025022;7.28818767406854;2.5057705683758558
PUTUMAYO;2019;4.319039130130815;4.299615012823869;1.5487069545481287;7.749244796195889;6.4299235218722295;4.526449532732223;1.712068086839362;4.325221188786745;6.586663725438651;1.1263119035934572;4.284505618621395;3.4162988416595343;0.28554518341318297
QUINDÍO;2019;6.1514591831015855;4.916242057248356;4.286684749508731;4.263936556533026;8.081357620431765;7.533017772976514;5.1639062990082305;5.793186213179999;5.653881288542176;3.2695804183496833;4.704222704700348;3.791234928895184;3.488834541379191
RISARALDA;2019;6.362668128204501;4.886683016895469;5.791969227146452;4.745134938074561;7.329593811265439;7.064055255230848;5.203637016732582;6.611745702707548;7.019997362277643;3.8742963267399584;5.466453905272795;6.44869465043993;3.66322583300037
ARCHIPIÉLAGO DE SAN ANDRÉS;2019;5.324119626295559;1.5757815746235138;3.1215497188832932;5.355877013532405;7.380901112134731;6.209291994524785;5.260473342472155;6.280937323570255;8.800650080121383;2.722084895248554;1.1464787243577788;0.0;1.0847661697912088
SANTANDER;2019;5.434118865694035;5.610675048225929;5.066704451815882;6.0545358478854;7.61648772166812;7.813512936688969;5.714187908926051;6.290013600868223;6.24879463665337;2.9624045766577654;5.9862028686160285;7.6822121862077175;3.521708968633871
SUCRE;2019;5.05007704808338;4.902010381861982;2.128457283811376;4.5001184299268715;6.728275890666837;5.861868508114525;2.2018592209194217;4.604901341900382;4.8621092302455775;1.1816098321000197;5.152650900762776;3.575753721115453;2.4489913143031345
TOLIMA;2019;4.881210785800936;5.378711125902416;4.455898034097966;4.996946274141342;6.81420754419383;6.905488341563392;3.7522183410780086;4.774170756555632;5.453194009518755;2.7422673915229567;5.049142075228696;6.265431413934727;2.206111833529133
VALLE DEL CAUCA;2019;6.052938804622202;5.964973029576342;4.65712077532974;4.45056233932582;7.665617553641803;5.64759297694835;4.463767469865349;7.056866256627678;6.30012994689401;3.8783564011705955;6.705758349596658;9.615855318749755;3.507216863763839
VAUPÉS;2019;5.6364821668381895;0.10157874896775532;0.3023236112538712;4.984612221338807;5.003604561067538;1.6302605809461357;0.9907579530266812;2.2066356291558447;6.981076768604561;0.5909640481405841;1.4304753568686777;0.0;0.04565363373714989
VICHADA;2019;4.1843597551518865;0.020967126678334704;0.7784702873424693;4.7977332203868635;2.5445970720554008;2.0833941223246297;1.545559040750595;3.8902188676692804;5.217009491598285;0.5338061243707487;0.5501709100791394;0.0;0.5734694739495629
AMAZONAS;2020;4.741104655440437;1.1979800480507756;0.8243783127841184;5.691042635572882;5.511837747496554;3.71138508784727;2.474525379198664;4.683415277326358;6.21603896978601;1.316355940087253;0.696470762142095;0.0;4.024393495423791
ANTIOQUIA;2020;6.039573623757172;6.149992310524334;4.9569959025982255;5.07525870926073;7.475121087332922;6.535722452125665;5.488693038220061;7.1645954422525815;6.887253617739822;4.911243334511873;7.311408047429612;9.2291222986346;4.966413731059711
ARAUCA;2020;3.998108118674899;4.631611431260261;1.6472866226348295;3.563567708875326;6.33435836087456;6.692483604130102;2.750190016225122;3.8207084937402818;4.398072868952692;1.063942442689372;4.354423976311006;2.674266236295998;0.4252071740461959
ATLÁNTICO;2020;6.25071497406129;5.498990712083715;4.722792173672586;3.7568615947117308;7.716491668748121;6.713561098738436;5.164539128188018;6.529795514745274;5.746663785518086;4.030800070017806;6.583367602719186;9.376877371680468;3.7151678209577432
BOGOTÁ, D.C.;2020;7.667598267822583;8.666022191687915;7.430034920235849;5.220748914862568;8.157785114428776;7.804767353734233;6.5110773752866;8.671209264014356;7.5045070510175975;6.505515042755622;8.042523950403627;9.492091871675209;5.446658066850432
BOLÍVAR;2020;5.392696557439415;6.2391913172499835;2.92327524120104;5.132474171654;6.653874244709629;5.331637149182634;3.6134092543431957;6.184911465479727;5.7329421467225075;1.9147584869888667;6.598271461014621;9.32746437977688;2.3977054823534667
BOYACÁ;2020;5.141383921531198;9.658779589531157;4.209057393018351;6.404140277111928;6.804247894094493;8.25220772272546;5.0695127720139075;4.5237802998336205;5.797103684996532;2.09316839390439;5.42020466356451;6.237343091337106;2.5814522447614525
CALDAS;2020;5.77677434816276;4.858696186220958;5.144974385146383;5.123107680139248;7.4903958973517835;6.602336329601332;5.909911183551523;5.912402701478361;6.9930395421188685;3.028270913373181;5.558099353912944;7.826633131001301;3.721148044505447
CAQUETÁ;2020;4.816325119969138;4.747243703346244;2.7830475850506433;5.346011637305761;6.333244394093688;5.510840609915119;2.2196948891187653;4.584967572094399;5.39645823234248;2.0622986279478837;3.3048635672061684;4.175033310652731;1.9391951860880101
CASANARE;2020;4.920894465621215;5.028739371533915;2.7495185910858204;5.017826189763577;6.246731958646095;6.936766355689597;2.4761595707399686;5.2725717205511735;7.114307610044236;1.810518824404363;5.632648498547756;2.8915217538470097;0.9850248127551744
CAUCA;2020;4.493954842026995;4.7190330675856975;2.826381419447169;6.040974644907093;6.296171368521261;5.146732479302404;3.2265569777248615;3.5988112463291544;4.403812589556173;1.2813888605378143;5.233121979461007;8.597109612789659;2.172236992533984
CESAR;2020;4.797600237785777;5.241788061575781;2.887994869052499;4.845841718204873;6.819298561065353;5.572638323040676;2.9253894746407823;4.96702151400928;5.1522508702920335;1.2045572548615864;6.3032604613041165;4.918860464138919;1.8872153313450988
CHOCÓ;2020;4.272033972889725;4.318279695774677;1.476620558385201;8.0306177146623;4.390656968291641;3.2478056650297504;1.0474104047203154;3.865776928578229;4.652501468876702;0.795327827406121;3.97371204637611;3.164578124414689;2.5160060148254426
CÓRDOBA;2020;4.372259752203487;5.296298585750487;2.159959565358704;5.630476135079155;5.942878808733015;5.917544829303422;3.1497803698858933;4.038375816480477;4.8311412008796815;1.333100682139039;5.292609646935265;5.3000670476668255;2.111650412740521
CUNDINAMARCA;2020;6.178982237795693;8.347862575609785;3.6910981265112124;5.535312479169318;6.581166644824336;7.359794089741822;3.786224192381866;6.659123278115238;6.884137894665587;1.8080368642345634;6.758461955993593;9.221541156884586;2.4300760576703255
GUAINÍA;2020;5.570859933977519;0.066200390694723;2.0413067235233933;4.719598524603663;4.02739662039494;2.384259741264274;1.412910529592807;3.26926922709331;5.309489804955188;1.1686003123145732;1.1702471734814521;0.0;0.0
GUAVIARE;2020;6.093366219962536;4.727152006289089;2.573677905977023;4.608211720102028;5.966575736393951;5.057380255710696;1.538258911598454;4.7035621515541575;6.515849220303039;1.5884406175111376;2.4897743725978088;1.6895677314660529;0.00535488250708031
HUILA;2020;4.840202216406555;5.315996738922237;3.368114705695352;5.674533289965393;7.224162461139789;7.153084068325049;2.9654823945377573;4.874593050391255;4.999718830978451;3.4639496269757064;5.1489340375694495;5.602082419692465;2.064899191133674
LA GUAJIRA;2020;3.686873374599762;5.42379211438551;1.7102219318156353;6.523235686181984;5.210388375746573;4.50165186862879;1.449001222898184;4.156706354325279;4.615237001006765;0.6895008567211569;6.1949215462952845;4.36469366260552;2.0379453149547024
MAGDALENA;2020;5.34235548204555;5.619072774584129;2.9581494606061423;4.749795465589034;6.040411072072653;4.877869523924261;3.6962935789518707;5.5511076767353185;5.116192768169734;1.7266723756579072;5.488274191166827;8.110023742436933;2.0140120411725957
META;2020;5.298520932923253;5.0684934889952125;3.3625851175086625;4.4394889718328265;6.707894097325009;6.584632811178533;3.402647405611632;5.922271200067469;6.1824858096605375;1.8972441115585859;5.705549419563272;3.7304447323581416;1.8776668166402286
NARIÑO;2020;4.992078032285212;5.302645847449239;2.5273900357490797;5.897851461540363;6.2166298164663845;6.412557299962839;2.784060657434692;4.520356019058648;5.148999314824877;2.030778149822956;4.956009264527945;8.075074640078203;1.8820237628018002
NORTE DE SANTANDER;2020;5.087221684024068;5.503645499014392;4.095977726619793;3.6085274110261945;6.360785880511678;6.996533354585923;3.625562457156357;4.913307610161169;4.207969733104174;2.5021767149391936;5.102112950175918;8.296115236495789;2.861154905276927
PUTUMAYO;2020;4.456232050183964;4.017662339431891;1.5644311448001644;6.768025416772918;6.062138190985536;5.666604867014042;1.5280873759499927;4.454982846727074;6.0650790984377725;1.2438588953784286;5.315153501592836;1.9469229957844658;0.2914100405877403
QUINDÍO;2020;6.198554609810189;4.708145901846289;4.306442494156819;4.215915715099011;7.558063144448518;7.5972605681517535;5.249220692413909;5.728979218279098;5.546886493551582;3.331403010930521;4.7439845916448675;4.9401961174617535;3.7175324125753155
RISARALDA;2020;6.002702443915861;4.453974385999796;5.848868267635378;4.6978917620888705;7.142440493434639;7.1467738858870655;5.050985780834201;6.708424023855386;7.138782788088356;3.698440372458603;5.444518957727729;8.449440682196377;4.399581494092794
ARCHIPIÉLAGO DE SAN ANDRÉS;2020;5.171617745978811;1.640372814843932;3.114666296026633;5.309217086632958;6.978835684428141;6.411971920732769;5.611417341345177;6.443544367577588;8.748634957407333;2.8309122717124504;2.5189437863334136;7.688675205756514;1.2588595064434336
SANTANDER;2020;5.270089008899496;5.40724698403544;5.099901779592533;5.852342831321124;7.168897654720593;7.866062185503088;5.875137621975416;6.303662409102204;6.123450557753053;2.9783191776024998;6.0865518994558965;7.912296616386869;3.550228499656199
SUCRE;2020;4.967385989016148;4.785270168340583;2.1560685780637225;4.423323966904864;7.451483107571425;5.866689331799149;2.3819740252716324;4.580820093477123;4.7111345858888924;1.2216130046842653;5.6233140438329965;3.8613915609703904;2.466686349739124
TOLIMA;2020;4.956351375679997;5.240472532181981;4.482235485494669;5.391028240079595;6.87748153753407;6.93156819453135;4.046272411301242;4.83445787754251;5.162017000365192;2.759979184260163;5.026804871432527;7.082578772525602;2.4046852889379364
VALLE DEL CAUCA;2020;6.033090832000729;5.827775341892164;4.716984798170748;5.36762431926205;7.731200811000335;5.830965073874596;4.75831643071279;7.162925572046392;6.2015578248566126;3.755403842347866;6.768818507463559;9.624737851623024;3.5346573884652455
VAUPÉS;2020;4.996045932308603;0.15470418761101093;0.3118261869566401;4.8557141732790825;3.82413911082182;1.6653561581352587;1.0512773964998392;2.196663201814643;6.4533556142730575;0.6159714676961352;1.45674222106607;8.332226397123211;0.04538457149309082
VICHADA;2020;4.485422752430012;0.06993085311417371;0.7871560724879578;4.7977332203868635;3.014856321092132;2.1282207423168744;1.3699407031886146;4.198564357487948;5.383690908786203;0.6205810567764605;2.138417181443315;0.0;0.5734694739495629
AMAZONAS;2021;4.6230468295099;0.6790466452406752;0.8565708970212599;5.578474868581855;5.60708526995915;3.8802584631726775;2.2226968834892173;4.648278472601493;5.70609737589154;1.5250695176834042;0.7352447935134404;0.0;3.4871908210861524
ANTIOQUIA;2021;6.165198147538007;5.468918402952126;5.025114191128999;5.142281708129584;7.581029126981819;6.584584370521829;5.726279146690484;7.231153781513322;6.47494343936258;5.162807759132049;7.4252039692024985;8.603411331450157;5.185227805342464
ARAUCA;2021;4.1843084140542235;4.357065947009053;1.6566968893441048;3.6725406598932797;6.5198180912395545;6.439947542012238;3.107726453447965;4.001729344731144;3.038878010430915;1.3122554173891778;4.254313724853108;2.506821470860885;1.3714377183357764
ATLÁNTICO;2021;6.301336124257166;5.06621707385529;4.774115244131658;3.144505864299564;7.512606246128103;6.825269594103968;5.200538351510734;6.539812477423297;5.047033745770381;4.346874441060965;6.5660125836881456;9.403761429624286;3.478259464761263
BOGOTÁ, D.C.;2021;7.5969267661950255;6.977353167235467;7.552136028711165;5.408815521668951;7.918000922696878;7.832578466718017;6.512422804787036;9.13192807513087;6.6814902531329174;6.651894808933212;8.186191697271388;9.305107730722277;6.194349276444083
BOLÍVAR;2021;5.3343191268904855;5.825061308350106;2.938084897025535;5.176762009840723;6.407558840053133;5.397754767373762;3.666370134024999;6.182961183112049;5.0107093125764095;2.0073322796829807;6.609159252610461;9.390276329426085;2.2436915102004398
BOYACÁ;2021;5.100309622290603;9.506822539413214;4.262433650384785;6.371260464625292;6.904894001099845;8.286754862182041;4.894297492375957;4.57488016303591;5.3410606526406355;2.323276379400982;5.438686362047314;5.054056035931264;2.828597115143656
CALDAS;2021;5.9499911470282445;4.280373287900764;5.176136726156791;4.961490811188558;7.535241968008206;6.542455529119665;5.65130185222507;5.965109066377833;6.588034108785552;3.1177922809353964;5.628738555774683;7.696643123701971;4.059883693845831
CAQUETÁ;2021;5.099495987003993;4.075680357238554;2.4712497371973856;5.032624549175955;6.254856084481797;5.522168348675121;2.0130203694851465;4.695331854893524;4.631866534791672;2.3846500236710315;3.593207980453035;5.453597730323186;1.7097640173163817
CASANARE;2021;4.999311584456204;4.326493476729099;2.8963394337107213;4.904303011678354;6.731497618016431;6.967430742535297;2.6510354701055205;5.358426905112127;6.338400434205273;1.9779889286483536;5.629544163437272;2.2078598316960445;0.7031257366605447
CAUCA;2021;4.406792609943724;4.138995618774939;2.9124703554878035;6.171693739071414;6.245178430379886;5.291680000626236;3.2982946216918494;3.5957351671310707;3.9854972998985105;1.4333832236030637;5.272569308070549;8.81340830902775;2.0903747147527008
CESAR;2021;4.892504289392818;4.843816379192134;2.9158569569012527;4.776985163706186;6.824943160316082;5.550090415685687;3.236493659895221;5.022655664043246;4.685277867006193;1.5240238611087786;6.247928070868467;4.968112155154208;1.2252659827840338
CHOCÓ;2021;4.379203685907973;4.197288427132143;1.4914367027351918;7.725975166975726;3.9984209033363;3.3623402267404314;0.9865030313818058;3.927316488402168;4.906877640196343;0.9087194057164005;4.0605946749584065;3.5868193079891815;2.292995967423192
CÓRDOBA;2021;4.533580472146868;4.911506452371506;2.2501331063772607;5.483721124690835;5.978375342630361;5.883769280760167;2.9794438091255033;4.063913363069812;4.366334744793855;1.510235283983525;5.346907049425051;6.399776545218106;1.7577200724350461
CUNDINAMARCA;2021;6.281178508899198;7.5619445868671145;3.7455218867725906;7.230736132752966;6.716235337318911;7.286507101306596;4.005036692745341;6.626764423752335;6.181043176601264;1.8450163640704653;6.823071742723039;9.339820373756995;2.420522132001887
GUAINÍA;2021;5.780485221044238;0.06719788720894121;1.9517032038096365;4.785899711525179;3.9401691454687677;2.729071352690159;1.312293391310103;3.4301617306273986;4.469839973893412;1.2410859930464888;1.7704430477983901;5.319875834559262;0.026620138571925765
GUAVIARE;2021;5.480495003058921;4.19840215774908;2.5305644523094193;4.734569413241298;5.920306349060647;4.9196093078320215;1.4587202823475844;5.4309447103701745;6.346249019211712;2.1149928564067095;2.213842090317836;2.5076297049847405;0.0053309865580542706
HUILA;2021;5.292859155785894;5.231078279825736;3.4624796692606328;5.564557962935536;7.3019470608086845;7.1821193043037415;3.5133059421473027;4.813351138378755;4.3937451223970125;3.7641595499007403;5.234418243019968;5.6095884030067635;2.174280003410443
LA GUAJIRA;2021;4.2687168572755745;5.1159425166843775;1.8636062518289935;6.487688477456071;4.689687648511345;4.7285908658898865;1.1002010922315018;4.35557524781059;3.9417969570776874;0.9455980828729484;5.752094141889526;4.347821243753057;1.8039014675682812
MAGDALENA;2021;5.424311145897759;5.068755005929438;2.9253229819623954;4.626817206441869;6.077460720971583;4.955199838302665;3.422961747198958;5.591687185355423;4.515910003694281;2.030537445494632;5.5224396755350735;8.159995795441128;2.0673119039427275
META;2021;5.286090588528991;4.655506897155368;3.433749082464721;4.477592740782087;6.561316442959927;6.749604567622615;3.394271671125371;6.12809071207414;5.48485975898056;2.0941485569008664;5.6830737889487715;1.4816566814194676;1.6857448804027106
NARIÑO;2021;5.026877723116475;5.015086586505287;2.5446876842315937;6.197150586792471;6.175101543499099;6.51029921133212;2.998233946192897;4.285166478063117;4.612399653560342;2.225486299130056;4.987648231626171;8.573537715064388;1.7185165602100672
NORTE DE SANTANDER;2021;5.2551458387711705;5.388156744730309;3.9858727030197763;3.541650174821532;6.45476592861746;7.071720282657896;3.512569233628162;5.1905488373266815;3.7105175490396745;2.872044438278949;5.191466240185614;8.133186895933024;2.5720009166303566
PUTUMAYO;2021;4.414778183515744;3.8800524676376162;1.7258405505474377;6.502730626192261;6.5164670416208175;5.729841061364227;1.272859151360707;4.563033135953071;4.547874185876034;1.5780488688832448;4.599241068547362;1.537596867290697;0.3818731878762681
QUINDÍO;2021;6.0925866881347535;4.228575809806141;4.5180671225157365;4.287028222635247;7.484273121876828;7.618432385633992;5.275048211715271;5.880628205247226;4.983292445351135;3.627768516539021;4.832983408855423;5.15261260836382;4.082591027940679
RISARALDA;2021;6.4369141116107444;2.8905774651892364;6.192223789009335;4.591324613701953;7.682547243659591;7.196871979708515;5.254296775383334;6.741297339691654;6.618445835636068;4.057202496039391;5.5466949205043665;8.526630378937858;5.054991544783116
ARCHIPIÉLAGO DE SAN ANDRÉS;2021;5.1435140738185945;1.4306046586046075;3.054237894443422;5.334250998851795;6.7890944253078676;6.541634027030354;4.803194045721968;6.64209128546323;6.347950217863848;3.079803108929328;2.8484979271169317;7.681814425995408;1.4303587860769709
SANTANDER;2021;5.322421887784702;4.7950093062443795;5.079877376320766;5.67241200689419;7.145144262441675;7.9561926220163315;5.868349365223617;6.43968937460374;5.732223644926176;3.0714209688335323;6.1215717937893865;8.443311248441045;3.6151713243063655
SUCRE;2021;5.197131117492914;4.531392544031406;2.199024386877793;4.662745319094615;6.708883594775888;5.8566782052107875;2.3957908096144473;4.607954103660647;4.348671030931155;1.4493688547908767;5.585441207910423;3.8227215541639357;1.9202987761476829
TOLIMA;2021;5.069054494237494;4.725086310596984;4.258644107259318;5.807346541729771;6.872446468394777;6.988598265259562;4.001516809844483;4.8933920039626235;4.784769132492836;2.9305757989840853;5.053567261422838;7.494346382377582;2.408615697563989
VALLE DEL CAUCA;2021;6.103092855158101;5.246253591520843;4.805404183614284;5.333750707727038;7.6224301135196635;5.91543874514014;4.628759193182145;7.185313275022115;5.36757359729402;3.9185617791536345;6.847823657410725;9.588164756364446;3.555257617777495
VAUPÉS;2021;4.549943147929945;0.22518167869612024;0.408722618784792;4.999837826728667;4.327715075938232;1.863090817872946;0.8463887493883504;2.6439890479556394;5.920014815580192;0.6820402735625244;1.3121100123051923;0.2376875399629036;0.03395948714938074
VICHADA;2021;4.457165686553497;0.06283673276808019;0.6773298364472334;4.9290078210255235;2.815893954142719;2.211425598637824;1.4217774190676644;4.103473184607219;4.931847278086913;0.678929214347942;0.6434013073994392;0.0;0.5727421666425764
AMAZONAS;2022;4.367325557873996;1.1069673906955781;1.2017355989688134;5.280805816988616;4.88800146348891;3.8290079997725055;1.9074849857334344;4.280978936504476;6.733076828783667;1.6781487113665974;0.7043833011697166;0.0;3.5217621932851095
ANTIOQUIA;2022;5.587539683648509;5.683671108657819;5.240874813339942;5.5807805181628725;6.5913463388851135;6.804640181691735;5.706942593366703;7.32083718108722;7.0802748493939855;6.09245760699081;7.500258106698876;8.690849126607006;5.305450983793723
ARAUCA;2022;3.680212422322609;4.2706891691300815;1.7514075210150573;4.285666890153876;5.948088948151921;6.279166184486229;2.750236266724319;5.004828728610201;3.6972058482041072;1.7850450155405078;3.89421410535145;6.58928830998183;1.1767983244759859
ATLÁNTICO;2022;6.080182985707859;4.999801267673956;4.685133183445744;3.0227002046656635;7.20565591441134;6.807025900206643;5.214087561965916;6.844412877808576;5.091141179070805;4.4658737652864815;6.522008819962073;9.388018116989908;3.752664203159287
BOGOTÁ, D.C.;2022;7.143149935134581;7.405777668814491;7.640727977745301;5.493171562349155;7.831356565216928;8.378996808790964;6.501094350420527;9.288183146287206;7.438182866955774;7.221872029043165;8.130219093052522;9.222111202002063;6.403001179178688
BOLÍVAR;2022;5.056097366504191;5.773782148588175;3.149498120809401;4.829058811732621;6.226002698229371;5.822283859928773;3.7518385457978036;6.5834826524648165;4.732296673593591;2.2156674849590416;6.512656880153223;9.323990918670034;2.4330754201974987
BOYACÁ;2022;4.789132458356577;9.309260614193418;4.348776321173413;6.418754766273818;6.163237757162071;8.30062451072839;4.502016203148605;5.004060065958528;5.546103032843776;2.643559801527458;5.411403988619014;5.374664946178667;3.1802064095678038
CALDAS;2022;5.74580582949629;4.057714580822691;5.244718308712345;5.051599342826015;6.315396316001335;6.577187621635651;5.426638882868283;5.617773361032237;7.063817234256506;3.257658744763235;5.731268282247212;7.906801402167863;4.827934172432596
CAQUETÁ;2022;4.606261609846413;4.44988745723128;2.763058793357396;4.96226121319272;5.610690624753282;5.29509590396075;1.9543347042763424;4.78971334666186;5.117739945513783;2.7092564339522998;3.652743774216324;2.632102530031326;1.7806174007367583
CASANARE;2022;4.951952052648527;4.688019007808703;3.0658047225324063;4.938724102656456;5.817229256900137;7.045386867802987;2.653433701263537;5.092183972379825;6.394508034511471;2.322883351790498;5.177830187443716;2.78131856540638;1.3218135722158761
CAUCA;2022;4.417273411871383;4.493825353501397;2.8784751151640346;6.2291280786924785;5.733059690883086;5.359395487552716;3.2592682300095603;4.724065057240308;5.275228257722988;1.5621317340144156;5.240685914475516;8.998618140209402;2.307542414375217
CESAR;2022;4.554287464195583;4.452433286940637;2.9355165515625865;4.45810310248731;6.230710631767561;5.00610686889956;2.942175550804675;3.434303958093674;4.956544287618842;1.8504250813405303;6.235453523592069;4.900858939068369;1.6745883972547375
CHOCÓ;2022;4.14159155831372;3.744178301017169;1.7245864535850859;7.6582198613951435;3.7453918122151135;3.253416053112885;0.926371603838045;2.643503001456284;4.2982867661224695;1.078702100545774;4.13043884188354;3.8542301474664247;1.9973138435938012
CÓRDOBA;2022;4.120982411299748;5.09934346506294;2.277588925750453;5.274867537054738;5.492958043974263;5.78912892984196;2.9214706860005073;4.024927932545243;4.688993765294562;1.6301271795160228;5.355485289202013;7.044370700350306;1.9516260231392177
CUNDINAMARCA;2022;6.2317304179006685;7.112734590461577;4.1586760664630065;6.587044756995535;5.32118717729177;7.321073053729046;4.123185211164855;6.748257037146521;6.738525324288193;2.021822138324772;6.79816250813478;9.393104586979737;2.650677043590482
GUAINÍA;2022;5.808145177140097;0.03211057768875205;1.6389735203981308;4.7248859295213705;2.4107867224211352;2.3591926023892125;0.998221775650643;2.8719362978314935;5.506319839461339;1.3999513746563987;1.6961871997913613;3.8546718437462095;0.06848606358085699
GUAVIARE;2022;5.7165972701867185;4.179321847462359;2.4714651720094674;4.743455854143866;5.346864815065308;5.109890353636808;1.379418575448099;4.123358835434411;6.339756799604213;2.5845898106733465;0.7487360309312717;0.0;0.010606350311424989
HUILA;2022;4.66760960235357;5.053169648849037;3.5062699491885323;5.425379091199063;6.606250745067839;7.233167389508228;3.034463908834806;4.67193562576511;4.956195398081368;4.043783037497358;5.3082439367456615;5.480974945266404;2.3756302608373523
LA GUAJIRA;2022;3.844241647271256;5.28706493065564;1.8129748337770608;6.434171914858472;4.8595905650628275;4.717007936608503;1.2424591760667134;4.3865603503755715;4.63129307754077;1.1704994955684709;5.433484095972956;4.323195398245412;2.229899142886449
MAGDALENA;2022;5.214838539041988;5.381337240812044;2.9137471782296585;4.144874184512033;5.929934997895812;4.882675225478028;3.483848109604029;5.643566479744909;4.701895023131188;2.176425456458717;5.551002804006224;8.236454146176833;2.0780104680167852
META;2022;5.189062980427165;4.734151222100408;3.4396225608043545;4.2827465570951775;5.964929008689551;6.906033159016335;3.322185037998939;6.256130216638443;6.026818410521534;2.4064856634375396;5.502456801485414;4.14930958129524;2.0383871376901372
NARIÑO;2022;4.7447177685211654;4.908355231917071;2.833472312215084;6.174740679392459;5.163336634096078;6.479473960575682;3.0217830638813514;4.315294829266705;5.266913581444442;2.275798460216211;5.0183685594474365;8.07457975339644;2.1038635478751795
NORTE DE SANTANDER;2022;4.955825947943409;5.2539345701728815;4.083065673556888;3.367630104227457;5.581539711713698;6.882185732512854;3.485933492371425;4.793426981061353;4.517306212389771;3.0808778551108853;5.186346580179908;7.505851935848731;2.7576834611315597
PUTUMAYO;2022;4.451216139598398;3.7178875292872062;1.6803418412128415;6.002535255614816;5.023741064945812;5.463386093120413;1.4646155060606045;4.543849570043383;5.847418643108515;1.8323820107065427;4.275161710087217;3.1275101424743474;0.33518420775262225
QUINDÍO;2022;5.765070973713286;4.246926375259235;4.85086176823353;4.288492493030607;6.644709906726441;7.786894853706212;5.510049472803772;5.851790600249567;5.653068406272281;3.856035720119342;4.842752270751927;5.4616720290725995;4.5804656347615005
RISARALDA;2022;6.134395442942653;3.2297275507922283;6.240059600409323;4.807713205618732;6.48862552027169;7.406488810836569;5.200309873177273;6.508127740266513;6.7742832777386885;4.497778494791035;5.54769411976062;9.389544983420308;5.407330263305109
ARCHIPIÉLAGO DE SAN ANDRÉS;2022;4.251085370757503;1.6459523461704322;3.7308181820992248;5.315698247737948;7.018973501168224;6.618145436077654;6.308242134515295;7.099124009405995;8.143289843586668;3.3539063858352947;2.8868104644290273;1.0334240867952298;0.8988709034462155
SANTANDER;2022;5.105350411407187;4.9861402082957245;5.1786671857863364;5.711497876225717;6.640440358755414;7.9729928761216895;5.676475929875825;6.461360190594786;6.0339103654605095;3.3938190006313906;6.075595460729883;8.227335153979551;4.136389039288523
SUCRE;2022;4.489978906958649;4.112244826122587;2.314781481724258;4.157455885824634;6.102023546949584;5.78267514285439;2.771980344055853;4.610455089929719;4.5027510290029635;1.7450760294617562;5.1271762778733985;3.7184113401546237;2.426472194558323
TOLIMA;2022;4.781054891790671;4.828043487765765;4.458837464825458;5.4316442352916985;6.62846667455601;6.99078853194643;4.099404944656901;4.294592040433187;5.387837472493377;3.241261830657897;5.025704585571692;6.682705222022581;3.325091669681001
VALLE DEL CAUCA;2022;6.0158618624077;5.328307183728313;4.716737328905714;5.223915626125548;6.955971552581262;6.09311794738629;4.809123298168875;7.053624104053037;6.175885336019622;4.163260336569994;6.87864087704805;9.644922430694034;3.7182264203661157
VAUPÉS;2022;5.16863521005901;0.12656215169880855;0.3861305409882462;4.840041233028955;2.245961435684508;1.9930870744506113;0.8308821576290316;2.287588248980164;6.003205506047088;0.9019897762453734;1.5341322988230475;2.469883567440601;0.5938063035139747
VICHADA;2022;4.065428797407072;0.0153414884865597;0.6275488536174596;4.756999103741501;2.8314186425826304;2.7451913449756082;0.8391203535646968;4.239005186921065;5.680297352051614;0.791107236142693;2.111523738305034;0.0;0.01904276750144911
AMAZONAS;2023;3.9992055288048305;1.2581950818929033;1.1809393105094699;5.070734237796541;4.324572535600171;3.714617318639361;2.6626388585579734;4.811237360917288;6.495375856743077;1.7220696770493364;0.7937840900994008;0.0;2.735427913486266
ANTIOQUIA;2023;6.237244956457705;5.654322054450564;5.55470350039545;5.5609616569123865;7.106445475797796;6.714537471610504;5.8436970783008;7.59576004301392;7.445811099024217;6.071017362700517;7.729879598387303;9.029298261036661;4.963143671997922
ARAUCA;2023;3.4875324737545115;4.0686711662223445;1.56082384453765;4.0880299600487735;6.135854173759565;6.659713656634636;3.2139937002925203;5.09950013491631;4.515223393436865;2.3963581706051458;3.822476589370751;8.488864003042345;0.6356133516196927
ATLÁNTICO;2023;6.450615235842935;4.688478244184036;5.003477426550304;3.807726580127233;7.799457413111144;7.115472790060586;5.6309480821539;6.719603057544621;5.512603817055336;4.814566738108919;6.836195730147968;9.227272830427607;3.5384465763446773
BOGOTÁ, D.C.;2023;7.578476825572792;7.734937604486349;7.924243678559106;5.382158024734389;7.543404841785443;8.074985431320993;7.105410381869302;9.434667567802112;8.081357360341528;7.572489371879905;8.489732633130034;9.125306971307051;6.1023298060313325
BOLÍVAR;2023;4.975070541558247;5.853427333655742;3.3632895816835235;5.101706174031931;6.460768723882265;5.949343482505216;4.444097208805867;6.448659970269601;4.667353183746425;2.5702674383367166;7.1024389427921575;9.178505042077212;2.618794656717171
BOYACÁ;2023;5.265890585313148;8.943939934497317;4.629003419198333;5.674787220444223;6.713373115809672;8.52951550793135;5.487654719468259;4.877064330054529;5.860055286118065;3.1135444926730305;5.626601313946478;5.262751622385603;3.307144339656403
CALDAS;2023;6.271198607828864;4.284611590190451;5.379177503938418;4.624942263717332;6.504306733086595;6.806360512402982;5.511367258017936;6.02776671609838;7.1855064279940954;3.6517661012077127;5.910743606654714;8.07352580561407;4.525774464702831
CAQUETÁ;2023;5.1000563661495;4.273099813688505;2.8931765919705477;4.412940756124236;5.591603355766766;5.380338254691823;2.137053494864791;3.575524615637672;5.4231740870675935;3.231774036281469;3.7264607911249135;3.498629928475184;1.6216056370299579
CASANARE;2023;4.670539696523623;4.191509766361719;2.9568098004390144;4.8271340903286095;6.531990999568121;7.10601747689438;3.6339920575503637;5.8066586864435665;6.855715556585235;2.8373624295769724;5.376685933617069;2.2407981649594797;1.0573338150173404
CAUCA;2023;4.669598490334255;4.267281567504708;2.975146284788944;5.748826159876983;6.3146878371077895;5.543962074610844;3.636441002452402;4.916422710804532;5.006368669387543;1.8586440706981964;5.394842140420517;9.019931825498498;2.403916002968796
CESAR;2023;4.576121486795484;4.745528771486358;3.0995853194007728;4.304208161442832;6.476060736626633;5.81298382703583;3.4028412713280343;5.038250463362278;4.734283407857987;2.1148724177010414;6.252715009631636;4.981027210234931;1.4621640028715621
CHOCÓ;2023;4.120376250476248;3.1678755652095294;1.6657350315798403;7.2264019096651255;4.048892892594798;3.4532014398295443;1.129717156180348;3.8665714183420334;4.8151845780996885;1.2596268959726173;3.98132751703105;7.55222217890839;1.9058018644523436
CÓRDOBA;2023;4.568286280510653;4.916735694229086;2.397314197959613;5.191194907607515;6.064246892191607;6.056124206836344;3.3163187101080855;3.38729567136017;4.701203057484603;1.8390772379235982;5.522067435691898;5.968060815619131;2.0330494356538917
CUNDINAMARCA;2023;6.9390862699115194;6.355306518993038;4.167140747132382;5.955336221764707;6.127683023929281;7.299702601394262;4.302944860842626;6.813684368173717;7.023418644725538;2.491106834739453;7.1047263336192366;9.374371715903411;2.8966431124617102
GUAINÍA;2023;6.074585735862351;0.5716043083094211;1.4662713433515395;4.6457504398809615;5.306549538647402;2.8983188877005848;1.437992486776711;3.670757283967146;5.176807812994549;1.6093192363192563;1.5877111239997432;0.5993859703412341;0.0828657680589915
GUAVIARE;2023;5.600312096375265;3.7720866186826827;2.258722315872112;4.6253261421938205;5.847601275347705;4.688633441130017;1.996969616053902;5.704363314080657;6.953691272649138;3.0504174202197714;2.148681628802268;2.5008862900444573;0.015850541591351828
HUILA;2023;5.275487273603017;4.6469835297411235;3.4770098931186;4.789259422127168;6.87594914673372;7.37312998091711;3.269467520646297;4.709408929198231;5.438647858130324;4.431676858685098;5.48516114713002;5.145429226826116;2.31919153651128
LA GUAJIRA;2023;4.424987248293714;5.181793189619411;1.9193325632999807;6.304259616373792;4.71826808035973;5.095682601984911;1.4229202465852666;3.904164928654294;4.632607704744663;1.3289036774795202;6.106502015320855;4.454550971086841;1.675650246368482
MAGDALENA;2023;5.613028387967302;5.353263474321998;2.8808575989240195;4.302629865439118;5.962062368459108;5.3268367731700845;3.8646058411454502;5.203452567486833;4.573822733755479;2.5188655815687033;5.749876128365736;8.23677674795343;1.9760300165494227
META;2023;5.674724232296388;4.330188952107915;3.794364822638176;3.748002171787955;6.363929085029175;6.961069330905792;3.6815324963177525;5.564225051120333;6.514653283897738;2.8163488284112237;5.700366867597504;3.3166883214446052;1.7061540160041688
NARIÑO;2023;4.970534482359325;4.833642249056487;2.888549357815577;6.193390503081611;5.862623972441955;6.6013343617946365;3.3772502793644055;4.26200501769306;5.382073586100759;2.54081795444585;5.120588664132519;7.127948258204867;1.7531403553675067
NORTE DE SANTANDER;2023;5.140775238982802;5.106827579202382;4.32903609745873;2.7025655455519164;6.15246216366904;7.17623376053889;4.158234534138877;4.856036163387378;4.805361862236929;3.455046730964467;5.439987934443806;7.863517844019608;2.661538592735831
PUTUMAYO;2023;4.258381422433284;3.30659698067684;1.5759336502647157;6.138887739509893;6.081296933376358;5.453188226091669;1.7219631819079297;3.5107727633545065;5.522930362220791;2.033621069592634;4.31456837934717;3.353325591122031;0.5461444254248452
QUINDÍO;2023;6.429965076612198;3.8680065034026394;4.992677989939969;4.099000934637276;7.124510760249052;7.824880250121854;5.7907194722868605;6.23008175880657;6.479186029662229;4.26721537467942;4.970042827941819;4.710821065254642;4.803211631705905
RISARALDA;2023;6.798218610787514;2.872566074280269;6.236496168180926;4.3303235508423885;7.184752739396347;7.509527114407437;5.334404603166644;6.911387523351891;7.204451302782639;4.870955620589025;5.728217488474056;9.391566736532472;4.678860855464915
ARCHIPIÉLAGO DE SAN ANDRÉS;2023;5.394745597824967;1.8056660329337082;3.372053109810657;5.309337400295303;6.250170568031256;6.612783102625289;5.799397572577462;7.54808335422826;8.795712785715988;3.971746111098455;3.109384816931799;0.5477147660014725;0.7295539406412055
SANTANDER;2023;5.636225329163019;4.749753225949283;5.265912460419378;5.518036126612056;6.698647628030146;8.142437943724898;5.850030505319853;6.318989347236073;6.511599840802603;3.7244460829174146;6.2445514522979;8.964066798062984;4.491436961287825
SUCRE;2023;4.897265401589583;4.39186459718028;2.6388721428262167;4.901507417770385;6.675388927732984;6.0657968901053705;2.914359180212168;4.469586878078331;4.420021304701302;2.2442731375587703;5.421624515410626;4.399578590545402;1.600508414951554
TOLIMA;2023;5.04659534375552;4.350189295889398;4.38346396272411;5.344705247412839;6.389820075331448;7.214587752772936;4.14672159236048;4.259010603793333;5.371224802453676;3.60797038232732;5.1723220956808476;5.292583032386265;2.8425914694600425
VALLE DEL CAUCA;2023;6.5641813779565625;5.208271166135621;5.03567923081146;5.063519950379698;6.9326171509909695;6.164170377827913;5.239792806199741;7.1993378597593605;6.5326021674746375;4.412730164396106;7.059064528372829;9.624576550734727;3.5013812543176206
VAUPÉS;2023;5.054008356918654;0.6318665580862168;0.2573144120448168;5.153161942719295;4.300325161186406;2.184845512278389;1.2268844096240565;2.6959734875191543;6.624484666098906;1.2804542617404224;1.6372732434855384;6.212416612086602;0.03300937650072778
VICHADA;2023;3.9601021919985206;0.5739654524093692;0.5102196321659704;5.0894768305248315;3.6218011707479136;2.9310462111732107;1.565479423745255;4.258692162728248;5.839579457790708;0.9290910355858037;1.7802629641486027;0.0;0.5785757425576238
AMAZONAS;2024;5.056102709112559;1.2596703907084592;1.0567245452801814;4.903787101079281;5.281598630978387;3.6949408680218534;2.9958110942669265;3.89645587176626;5.906148140514493;1.7070046944949069;0.9205286795833028;0.0;3.0380984469681915
ANTIOQUIA;2024;6.490483711073499;4.9495761943592145;5.9584217547014715;5.447268021185275;7.582907933324167;6.963708055030717;6.028743347565591;7.450133469032409;7.402716255918566;6.069334234566822;7.844240484695071;8.805294213816692;4.773519436909843
ARAUCA;2024;4.056015030655775;3.740360458627709;1.7184055970988654;4.4993799826464365;6.4781606325119;6.391721101585147;3.461691103932287;4.281404000095135;3.391354444343086;2.6394769480747;3.913113766791417;6.297340841024619;0.9379360368393406
ATLÁNTICO;2024;6.465210185314994;4.254236353970727;5.332774872827404;3.315249067543399;7.366096045324491;7.224948153626695;5.593145160322482;6.677128851900969;5.8389796916585315;4.741169233750635;7.35504309948111;8.8447199016561;3.6560667165486738
BOGOTÁ, D.C.;2024;8.225540158882454;7.483061219287952;8.28917246152156;5.292822005209885;8.083757629978757;7.951567396633017;7.864117774966646;9.457276521042564;8.017487879179455;7.619250870883106;8.794475846770766;9.280445730862663;6.142203395761314
BOLÍVAR;2024;5.2794330571791095;5.509979869574901;3.8318841542885607;5.213136273576513;6.352854585396161;6.306103109598983;4.537785607297205;6.275666454908802;4.830535535510249;2.7748300825218495;7.144879814597351;9.34188121725951;2.6452999454110424
BOYACÁ;2024;5.365430144365716;8.574818969533867;5.0134391446842885;5.752844780573689;6.564874335638127;8.693440011351385;5.666773448517329;5.000888458538494;5.802444616456644;3.1589592937369657;5.714938644563901;5.762715673009268;3.2893838972854277
CALDAS;2024;6.2922580852577505;3.67568123854934;5.633793678193834;4.69314583629854;7.517787418040398;6.835443450810921;6.070263362363326;6.008130624283677;7.25192428876201;3.7517397809946393;5.902220388481774;8.884790222169707;4.236601513676398
CAQUETÁ;2024;5.059540993981883;4.090950647388021;3.3948232798504314;4.88461573161274;6.305085628051231;5.786301892809673;2.1729243342671545;4.419004563494812;4.961918945119788;3.3688403437390093;3.696154368911156;5.044425836603037;1.79092256852465
CASANARE;2024;5.636210379189431;3.8510939761916236;3.204275911249568;4.58533251278051;6.663671285050957;7.260290458267717;3.840374101557555;6.17974850915096;6.889484738270003;2.990258061067494;5.6071357399595;2.855277769698156;1.2696743211248676
CAUCA;2024;4.721199067275208;3.9773791199130337;3.4250327977803128;5.619103295532625;6.249279331607557;5.709488314478131;3.7684583787696497;5.123125856593957;4.622077641839125;1.9005606012625593;5.459284619509401;8.68892987989652;2.4061124779683003
CESAR;2024;5.0775445857119195;4.3844169133405675;3.4265445635818095;3.9956202123826356;6.801380446283235;5.609947581214856;3.865020742802268;4.994516589953456;4.960007819306802;2.0978356092870603;6.491768511059894;4.81400190000376;1.8576386684876989
CHOCÓ;2024;4.192446315854804;2.9299880295811414;1.4987742274833014;7.061734586846342;4.059282298770809;3.5878760201203965;1.2034975946121609;4.084706796303223;4.295296701460599;1.2621585344280994;4.086291516095403;6.3176529024783035;1.72579680557891
CÓRDOBA;2024;4.695681864124938;4.586385072369578;2.81792926290225;4.503141820326636;6.2589672748541405;6.175040906778992;3.4610709928674837;4.453956641005723;4.658857023999176;1.855026375522137;5.577119052711366;5.910235792049926;2.182124402249532
CUNDINAMARCA;2024;7.282978108576611;4.942010690935072;4.650159505460371;6.294354726627265;5.712336538862756;7.741063256667385;4.720132674880105;6.8153391989424055;7.744379081215051;2.6226342855323947;7.258236551417735;9.394158903793045;3.0276043338478336
GUAINÍA;2024;5.99612844819959;0.5692211346956783;1.99578976566116;4.618600629492832;4.5775438276577045;2.371107556905689;1.7344871032923803;3.593305359418414;4.685705868008138;1.7225534826205298;1.8920531022006506;3.8912230202720695;1.0557125889993437
GUAVIARE;2024;5.25018106234385;4.149278613037591;2.6441248028609894;4.667000568168161;6.656984242580208;5.323875466441482;1.9472831835245374;6.312034743686699;7.3044794089524725;3.332188260858533;0.9541100853847917;0.0;0.047426112501594925
HUILA;2024;5.412333212196062;4.318779421996161;3.963866240738353;5.052142361471983;7.165002628196554;7.541148164751499;3.7715835048966317;4.313199002197669;5.106097950941548;4.700432000092093;5.550697048583409;5.67363040093899;2.475638709731093
LA GUAJIRA;2024;4.937373575185314;4.96753286203515;2.072089396708135;6.196134339014449;4.928356839686127;5.107082190844999;2.1843053227965834;3.856977011560139;4.081575493403218;1.3089002272448584;6.510548658694383;4.798296081652364;2.4719604266018695
MAGDALENA;2024;5.804417250778221;4.844677202514975;3.453112832652065;3.8135479054849872;6.478242801929816;5.1865322009038035;4.213301186599216;5.324820598510884;4.781064568933935;2.5057637928511323;5.759605634227633;7.950800387147811;2.1790819978070286
META;2024;5.900604351720665;3.85070008110761;4.235662101161667;4.0874856886351445;6.688647023623614;6.931138114096536;4.332125918367498;6.125107336271441;6.538168039567007;2.868832313667319;5.871734834429701;3.1140238127642688;1.8612611662397374
NARIÑO;2024;5.062499880825131;4.448841727040584;3.123834639188374;5.371157829191009;6.319208066915447;6.649267732770556;3.483905274936821;4.783176389914734;5.265454491068287;2.5498394318617468;5.226829581526645;5.786324085111353;1.8302796576787175
NORTE DE SANTANDER;2024;5.1816335418494415;4.942055065860766;4.679394070884516;3.3573291895254926;6.167302910595923;7.363463642700498;4.6502742904687855;4.85902586064263;4.854169924008602;3.483016739964182;5.700074787530446;8.424179043743642;2.8114080055510287
PUTUMAYO;2024;4.477118799299091;3.4246680283311646;2.2038177019296508;6.647136830095752;6.340614650162651;6.02089711715919;2.0212068119226556;3.4291099555278723;4.280696736900428;2.021034500186611;4.2093066080714285;0.04353608992850977;0.29021002617700153
QUINDÍO;2024;6.508821450857898;3.4510093267519966;5.448024660183089;4.298672877042105;7.11582676324254;8.113679545296362;5.631128407092763;5.0185599593246755;6.28326854955772;4.220526544091274;5.124829031560287;4.970642021263291;5.213699877257039
RISARALDA;2024;6.8963318437701915;2.220722527817159;6.418630633260931;4.2245949774207965;7.172240204579054;7.378768463661047;5.501295592589796;6.683630507486864;7.0364551607691155;4.609618570219363;5.881050149679337;9.258321611694132;4.293027230211472
ARCHIPIÉLAGO DE SAN ANDRÉS;2024;5.352780777228664;1.675701729350525;3.0845110713328143;5.123739970914107;7.231607766311826;6.878227798175834;4.884166138750654;6.111614655440545;8.435841271992501;4.195482840795654;3.2083552958785266;4.927589653410161;1.964565623816237
SANTANDER;2024;5.887025628880779;4.368833664155881;5.6827572139399765;5.865938265661917;7.344267105506096;8.229479663980285;6.216173650110512;6.332950441967798;6.7024603870636685;3.8012181043282482;6.345851287287026;7.051466751856335;4.508190568565017
SUCRE;2024;5.366076078470555;3.838346289488776;2.8832448852865418;4.943074673192056;6.578404408593129;6.207814417010555;3.366681206228428;3.9881034928846577;4.1380133263217855;2.2259539835181448;5.4501041521321465;3.960333283071824;2.0018079678232636
TOLIMA;2024;5.338776211484029;4.307051823371958;4.869928311984476;5.022508159534196;6.632296388930068;7.412129411099199;4.4079906476941115;4.844904537471532;5.547923144060116;3.7668843368844316;5.233349116407773;5.6278832844464155;3.3847154306931753
VALLE DEL CAUCA;2024;6.944686744947711;4.803587789013654;5.401060319032278;5.0289939733872036;7.636122718379931;6.147419883403698;5.505531628327026;7.1344733316132904;6.560903932185855;4.359236643466047;7.219398935891674;9.694095632182442;3.3996944544619523
VAUPÉS;2024;5.788072101905408;0.6544364745666282;0.4970343532761082;4.9175549193034165;4.208485308577432;2.138008519109615;1.0613286619146536;2.666201542230392;6.390758734871033;1.1268315729302865;1.9291908561683826;0.26100675448143706;0.043031932475320264
VICHADA;2024;4.500461190507434;0.5495239653767574;0.5530657418985792;5.150737331630031;5.185349245525044;2.9201079666039447;2.0852539116918867;2.7157576448838987;4.869480825520598;0.9197358141399581;2.2334041944171683;0.6481987236569198;0.020763863217305507
AMAZONAS;2025;5.244064593373934;1.2483661656109908;1.7150351899206961;4.639635983020086;4.741935770450358;3.5062474320645047;2.7074083500060535;4.654578763368691;6.714499495988285;1.6158089285281156;2.4306782815386976;0.5924481180061036;3.1881992854795946
ANTIOQUIA;2025;6.6440406792433295;4.383315181070737;7.086076458789931;5.650990492599225;8.059300205268931;7.010877425205111;5.884635539775119;7.116442077841639;7.610077972208421;6.822088223839174;7.878648236443785;8.658848606691713;4.731948593110871
ARAUCA;2025;4.379033619348383;3.0702735806648604;1.9393055055742061;4.334616844030721;6.6620227316174425;6.786052463835146;3.0004326531444354;3.5702562774089666;4.013818595013168;3.7768622578992557;3.956624390399212;7.913426489318695;0.780579205471222
ATLÁNTICO;2025;5.991577817066464;3.6856689161566516;6.012426584791628;3.552276563626247;7.74277545857316;7.468583221063865;5.476811987132974;6.575502596283314;6.090094558829021;5.075453614453433;7.039076551958482;8.89324376035011;3.5165065851180524
BOGOTÁ, D.C.;2025;8.370794059777038;7.338843571165665;8.953300733938782;5.2480907029014245;8.250573816929684;8.117842488150524;7.567998302332807;9.323829000866565;8.084646127237349;8.777264242447917;8.570380759880234;9.213225216651832;5.836505567664333
BOLÍVAR;2025;5.243010672066596;5.517301758275595;4.45176800329982;5.209236736037038;6.711525161513828;6.480817148589284;4.63132762542626;5.369521329617822;5.273925825916212;3.232817877749834;7.356023856420075;9.3017940852068;2.5577592860436105
BOYACÁ;2025;5.537029091161304;8.328283503051816;6.318111070785461;5.581904205526418;7.090111607332132;8.77482196294357;5.490109869508765;4.80901614897761;6.096520549992189;3.67659399422064;5.782159632849915;5.66034368233834;3.0963865405065127
CALDAS;2025;6.071242689139718;3.1597367190403998;6.857268488302973;4.416616614922888;7.455739629143356;6.828859895986819;5.702883311205885;5.363973864271561;7.5417044822829205;4.062421881767658;5.953592029838672;8.696984582094272;3.981317540093745
CAQUETÁ;2025;4.843434348657129;3.2672003552834505;4.018635778465454;5.005343009563877;6.095177288992078;5.835319999350177;2.6129327482685265;2.710856464743335;5.057063219705908;4.052502669778796;3.780172030978104;4.6935564333733;1.8827868328493438
CASANARE;2025;5.7433553017000705;3.8224479054998657;3.725178357963136;4.429755498057223;6.844744237013782;7.481915082421028;3.718955843808394;5.972413343555319;7.428067063783519;3.7246727526194983;5.689963838448913;3.572476748887084;1.3964262315359348
CAUCA;2025;4.360931664692586;3.684275360333708;4.370517814245693;5.950385998045514;6.206164603749359;5.75791515852452;3.6842764034946347;4.663935887327792;4.900629852870263;2.220047940670107;5.49501378673464;8.878224915384138;2.3786921898955917
CESAR;2025;5.545157324714289;4.205932927957477;4.0059098049575805;4.47092329519273;6.995832124609733;5.928733645788583;3.6622765815318763;4.789840514745581;5.272844942492565;2.8969533593550096;6.856823785746284;4.948753588117026;2.078017654472689
CHOCÓ;2025;4.150287750431525;2.5483239736538144;2.0235696786391744;7.178951570391796;3.6185537788652566;3.7631232907757344;1.2587526293915452;4.211579481836938;4.732399458730204;1.4298591417667104;4.238898777646832;6.564081032486673;1.965518099342791
CÓRDOBA;2025;4.625943095101137;4.312583838930809;3.2652970801299075;4.429463692500143;6.5410374762983725;6.38123153270303;3.4930843940258516;4.6726010854859314;4.815471779867359;2.1617369327375044;5.62946392492814;6.393652366234597;2.338809312645276
CUNDINAMARCA;2025;7.22149232867947;3.7303092416865145;4.976822995572029;6.0389381425519995;6.466678843204527;7.730186678785442;4.728980437508813;6.540265991815777;7.766199025345632;2.896322907801441;7.3320667090266785;9.35154669641711;2.8665715504305513
GUAINÍA;2025;6.2577857457821215;0.5661087841753243;1.8945690518996146;4.945129020234688;3.675834760159489;2.861401972927978;1.6142512583377457;3.6281742922543065;5.185910886326878;1.94461528748466;2.069884472944012;0.47601997685089215;1.0343331548302088
GUAVIARE;2025;5.639216023725991;3.7437938108761513;3.023641938945228;4.749624054885021;6.259859336246767;5.194773899407986;2.208030122080258;6.115055839715299;7.197120040088027;4.045611876170869;1.0430559282052079;0.0;0.08935848250527495
HUILA;2025;5.204128747902628;4.416797200921799;4.6381538159365885;4.7020586080248865;7.394263282012887;7.7875132712748885;3.610451607617915;4.362417735751601;5.523009643580439;5.0840136553586435;5.640105117369655;5.4903102029623;2.567145311434253
LA GUAJIRA;2025;4.828336661675483;4.646345892178601;2.8501378410651377;5.548259416957874;5.395174492554426;5.224929199097737;2.238786705896485;4.1013095644896955;4.439716253199014;1.758476117073037;6.992879133648299;4.612010225748676;2.1181240950035423
MAGDALENA;2025;5.929327659038184;4.919686996695299;3.8119131402722473;3.788664523979781;6.4486205608709515;5.372125902935673;4.2668912886179955;5.40223313464254;5.023410524778614;2.746406074913275;5.829274388894261;8.13292066742113;2.2825650853417354
META;2025;5.542921338116354;3.5349497847674543;4.488330242017603;4.56996099665874;6.765148975019693;7.25434123271646;4.232599066855453;5.515879474125084;6.810273157265927;3.4990444076116836;5.902008234406035;3.7058229021863873;2.0955048637371174
NARIÑO;2025;4.931882587257899;4.432683984083935;3.408394320462534;5.877582809922702;6.389643217654768;6.829269765987281;3.5359251148750253;4.954105235816277;5.379284371050026;2.8187128775084758;5.250646210098613;6.242002746055734;1.9090809381985272
NORTE DE SANTANDER;2025;5.54670089800246;4.636034169843103;5.183480056240979;3.5620505003362273;6.530914360557322;7.517409317936745;4.45626802531055;5.146294600546245;4.963607374304383;4.1405887975240265;5.771095766161334;8.414642110152414;2.61764310124084
PUTUMAYO;2025;4.397199772790765;2.244053881498712;2.3687425922216363;6.3879543459907095;6.497164988889032;6.225453404317999;2.030242355542161;4.102372737081264;4.064767084382103;2.196340687695808;4.277280422773155;2.918918006093941;0.5930591105723451
QUINDÍO;2025;6.8186941861523565;3.0720808778085864;5.69497722112927;4.006350531523074;7.4332303119349685;8.281819061527829;5.509370369322371;5.755235277813617;6.850312646810562;4.364180867696257;5.183008641508698;5.551259515761712;5.0677776966638355
RISARALDA;2025;6.571330510673575;1.4475709730416517;6.946834904343511;4.250031984339845;7.717650476178516;7.365768922393943;5.183112563817605;6.26252146060433;7.469613751492828;4.886403360932022;6.003895218878873;8.931514965188864;4.427635253876689
ARCHIPIÉLAGO DE SAN ANDRÉS;2025;5.277994888831639;1.6814468391159472;4.035356093611893;4.824161610602009;8.226877071313961;6.9203332120901155;4.6838425821221;6.6835754721161145;8.690804230059731;5.059438957337687;3.0827953780234396;5.814087363396126;1.80338882046576
SANTANDER;2025;5.565392725489073;3.8651721452965826;6.110865228232399;5.965619759724099;7.877309648945317;8.359734182509138;6.0717776576756535;6.164571692379747;6.848599806748263;4.180345961906414;6.443757768732484;8.577735501951498;4.122487182594724
SUCRE;2025;5.482264075463056;3.42245558736594;3.3515158452808675;4.9771271017444745;6.9929372348711505;6.472128910391928;3.322609472759646;4.565105567631723;4.578222817135259;2.6298483790122553;5.537394799803646;2.752244664295727;2.1908132814638
TOLIMA;2025;5.160147513257604;4.0978894257466;5.564293451270141;5.549403946302814;7.210364098616591;7.549465313301562;4.495214698677658;5.188500163443682;6.070605261293524;4.023167952902214;5.3173015990206345;7.761080675241335;3.2487648956256576
VALLE DEL CAUCA;2025;7.006581263192406;4.495635599066432;5.9038989769204715;4.940674095356149;7.903847774919095;6.2323591943154035;5.313433078059241;7.156109024944596;6.789013642950589;4.582886643673575;7.2341415157401805;9.690886486726159;3.6655282659944914
VAUPÉS;2025;5.960010020955347;0.6674695188373205;0.8102415213603092;4.4453725707395755;4.858491079930885;2.3713889029587936;0.7954458410526;4.515390807675485;6.6530430861716034;1.879096425153851;1.8050957867531157;6.336038819639279;0.603061475785125
VICHADA;2025;5.041749039598989;0.5513292088986484;0.9278175839181292;4.905143957274848;5.447407677405817;2.680886091393937;2.0892474854987966;3.627429856517174;5.224438845767301;1.1293712317166102;0.9159968259584821;0.0;0.019917015366175125
AMAZONAS;2026;5.328409734866204;1.2444604727414441;1.9056928269705775;4.191126411935927;5.219937414765115;3.6978431280042265;2.826129702048354;4.701933555457012;6.739899505540638;1.968703377215608;2.34493066060185;0.0;2.711915293446605
ANTIOQUIA;2026;6.90085463458396;3.8225497895600675;7.306408294622386;5.953601032840856;7.878073484199452;7.178530826990873;6.045025020584717;7.5349168245161895;7.776890613405259;7.037722775286586;7.808045008161313;8.773050728677998;4.3970819126877005
ARAUCA;2026;3.9695657678108427;2.956555282259681;2.4411635679013113;4.345475349610489;6.8213185879719065;6.677096244561646;3.037206831647035;4.188235619067696;5.3747720160526615;4.106850897406361;4.123095547004278;7.18196349024902;0.21249709668395125
ATLÁNTICO;2026;6.2683454568899935;3.1104004666963196;6.259695446965553;2.699831207212754;7.726963163737336;7.4072553584398895;5.729195186443343;7.993103549179378;6.452145661512985;5.305854839347672;6.933557621064508;8.812390932609354;3.3527731487919743
BOGOTÁ, D.C.;2026;8.237074659722788;6.745965111661753;8.830448243862508;5.390994950061748;8.309505684692086;8.270915446686612;6.916278131538597;9.761697897302383;8.317607092179164;8.933139107279827;8.445160157384057;8.958701611972888;5.084772297308948
BOLÍVAR;2026;5.98595154626202;5.213989606132431;4.60503515189438;5.215563460114869;6.590323752891797;6.528197459819019;4.8760084842233375;6.361472461240389;5.387501284677311;3.3428138915493335;7.196919344458349;9.241844115844254;2.3998454884587628
BOYACÁ;2026;5.7553788172597296;7.954833845230852;6.437275166911878;5.605248637368275;7.351294607261157;8.728707058746881;5.411521056492758;4.601163889981706;6.22785503114647;3.9963563310966665;5.790601578156625;5.586748656096995;3.121959886682358
CALDAS;2026;6.262842413124262;3.1637794585857417;7.512500417188834;4.52451729754629;7.468224381537318;6.896845992659662;5.212950158666958;5.695694673688234;7.5558934129842275;4.209096463378854;5.973178692280086;7.9028009442301865;3.636110855952512
CAQUETÁ;2026;5.022327388920912;3.206785385555715;3.9112933640757106;4.93072303181042;6.712168929771009;6.226049077223208;3.173540213647712;4.0060742555220905;5.527479612216252;4.323615822351576;3.790396838165069;5.344886347202719;1.8977342080621618
CASANARE;2026;5.661709967779577;3.3517008312778374;3.7978385515217323;4.654855669851459;6.883718370319411;7.832552155859675;3.2100631262269443;7.2538000455983065;7.5343099112158445;3.8226843244619135;5.554381697863002;2.941693091257802;1.6658494932267374
CAUCA;2026;4.068452813530505;3.3979074552541473;4.386366199002048;6.5534540290806085;6.3490422013621215;5.834088998637331;3.6504640098082013;4.676024886366317;5.126084540988264;2.252112423775353;5.550842047825818;8.733527517480171;2.3813557844529774
CESAR;2026;5.416650203853982;4.068995232520691;4.330645436761519;4.327512796582081;6.633545435474975;6.02849448844752;3.5145414788747864;4.869787432903963;5.779623784198947;2.965463449333661;6.645718317417712;5.1281537599832845;1.7388118320556878
CHOCÓ;2026;4.5818212676106285;2.31098478418774;2.292270932237979;7.2608558083607715;3.701385859082285;3.942351126798031;1.2691243247694475;3.2563547708562224;4.733734738770758;1.4782683219404062;4.263744603944347;7.1270747782680814;1.4456750375737901
CÓRDOBA;2026;5.333032185372114;4.020510856885087;3.3859950841662787;5.0987866572931555;6.314293393038555;6.517084067191423;4.340278679383629;4.751281380411486;4.686692261589953;2.1943123855712665;5.624121297692093;6.497768911359749;1.9450784188727444
CUNDINAMARCA;2026;7.242302238269307;2.304029937810162;5.444154523534807;5.814524346777981;6.339200922937175;7.761877865040572;5.163825265053462;6.279021991740611;7.785637532198168;3.086314126631196;7.25540457246168;9.153176985927987;3.0448038308205616
GUAINÍA;2026;6.147140027852966;0.5580616461214669;1.8349840025008468;4.709084693871596;5.388990636216867;3.154274373371594;1.8812518131955371;3.7642818391046005;5.633376622426503;1.9659844440969054;2.1449337590619684;3.782626377342263;1.0297597795466842
GUAVIARE;2026;4.405517570994054;2.6954895650722257;2.9601207139128234;4.809032344956012;5.984612870951671;5.438819509952721;2.497108099933189;5.379335049577571;7.526904059106753;4.3990360058815225;2.13038312698683;0.0;0.08387133018824668
HUILA;2026;5.70693586648531;3.660404173154839;4.8853875940927995;4.2661031466698605;7.143307422086137;7.826369767003397;3.677066434684753;4.944402927010368;5.343527821721543;5.145265036953228;5.7841123887633845;5.2200240147172305;2.416512067430114
LA GUAJIRA;2026;5.3829040125084315;3.960541740965067;3.1538899424492333;6.3755080056803415;4.992733378910168;5.393699845975945;3.036877618366969;3.995892744807156;4.45091539252138;2.0244728235417115;6.4685270158194115;4.8151233781323;2.0948450948558173
MAGDALENA;2026;6.149386029906495;4.693594136531608;3.9543520509797805;4.501511571346395;6.510089108663992;5.5532374616930715;4.107423853047887;5.131183275368473;5.141955490688264;3.7216191025038814;6.027750493978607;8.259216002112835;1.9547938849213211
META;2026;5.900961798333575;3.3014831282692603;4.566164373282387;3.9684185661014846;6.704617002559416;7.546071992983208;4.513518195224955;5.802948966465342;6.992712664922429;3.8024432169353135;5.905946667224389;3.278086664937041;2.2663712085393266
NARIÑO;2026;5.03544962991901;3.8510038618469915;3.68037193576122;6.354710471744598;6.290309690599455;6.69681630888128;3.641046589501757;4.81852724666341;5.515786655357628;2.9562217695821733;5.344488105130849;4.984710707774262;2.031947599067052
NORTE DE SANTANDER;2026;5.628018373516638;4.5625847408325235;5.6184854496025505;4.0938430808104185;6.583457103920346;7.694082841944605;4.445306274753438;4.605418891992118;5.0987855115032215;4.246669943214847;5.765903831045479;8.434676387630324;2.593326237162272
PUTUMAYO;2026;4.714299735455632;1.5285562384320992;3.3976808964581124;6.140528885215433;6.108030577305136;6.10823021820314;2.093018554985871;4.494925571555785;4.852034765496603;2.429092518427493;4.485894799659289;2.4834615920611594;0.48308569769627163
QUINDÍO;2026;6.528799281319987;2.5614723025942014;6.485642602093778;4.26892786917854;7.685537009530718;8.434029561880735;5.486431565979602;6.174742520677828;6.785919450871322;4.591431772427409;5.195140902614812;5.717149969706028;5.151241652152759
RISARALDA;2026;6.8644335696866845;0.8925398512090355;7.803032038671586;4.4713995591931415;7.512312742594739;7.371347905469145;5.519504763163288;6.762391160083528;7.592621485969071;5.182883326700571;6.060362718094991;8.969689266526501;4.095716005051853
ARCHIPIÉLAGO DE SAN ANDRÉS;2026;5.229993771291045;1.7049746451958905;4.467397893389994;4.767860811140573;8.102080219814424;6.855224825658805;4.94551911298728;6.516144710013695;8.676823055196511;4.754044604911579;2.9912664249786127;4.173291991066482;1.75441698100087
SANTANDER;2026;5.804195802010427;3.425935634338673;6.318016877207137;6.085737887020679;7.868580174173486;8.498894197592275;6.148325315619241;6.087689509856663;6.9915061774125284;4.432346085368525;6.412329238599628;9.039193606618799;3.50909905392206
SUCRE;2026;5.205329001745679;3.2394752514083427;3.777397499453969;5.052898099554746;6.894039848765336;6.519413307421401;3.364181311219771;4.186946009465372;4.386904349852059;2.7211466398094175;5.348040191466007;3.425411335469533;2.240501609219221
TOLIMA;2026;5.404992247725163;3.904494623152221;5.976676687454487;5.524302298977196;7.071358262876983;7.670455393974277;4.748671781399311;5.070800243272835;6.24432995038272;4.3749637653804445;5.445012165874776;6.428971793286516;2.7922203151602183
VALLE DEL CAUCA;2026;7.342367748327804;4.158252452018273;6.167451658347492;5.094112426442701;7.877083775612276;6.508695004823264;5.375411766653081;6.959024075782461;7.182340777491081;4.921327406690441;7.211225291551537;9.610595538885566;4.002830973531323
VAUPÉS;2026;5.955281201401869;0.6640162395355598;0.9718467563270572;4.8860377294404405;3.880630016950806;2.220594708470332;1.7976900032492782;3.3342468092768076;6.886169499314466;1.9819877791402165;1.793334008795893;0.0;0.05240360809353661
VICHADA;2026;5.194491098617556;0.5385957763564796;1.213143902392913;5.374332620116564;4.220859920546902;2.5986105346008506;2.1390267769248057;3.493902161925483;6.493504415094497;1.12285508261015;2.3238833073161986;1.6313105587865246;0.5795259561549777
