codigo_dane,nombre_entidad,anio,poblacion_urbana,poblacion_rural,poblacion_total,pib,valor_agregado_bruto,deuda_publica,ingresos totales,ingresos corrientes,ingresos tributarios,ingresos no tributarios,gastos totales,gastos corrientes,gastos de funcionamiento,desahorro/ahorro corriente,ingresos de capital,regalías,gastos de capital,déficit o superávit total,icm,pcc,gpi,eis,cti,seg,sos,longitud,latitud
05,ANTIOQUIA,2018,4972962.0,1434187.0,6407149.0,141680080332055.6,128910366015430.92,1519497000000.0,4486726000000.0,2313453000000.0,1185937000000.0,1078473000000.0,4320537000000.0,1095311000000.0,1002493000000.0,1218142000000.0,2173273000000.0,134013000000.0,3225227000000.0,166189000000.0,51.81111936945238,56.59550476074219,48.81879806518555,69.85157012939453,50.27125930786133,29.1318531036377,56.19773101806641,-75504557037.0,6702032125
05,ANTIOQUIA,2019,5075565.0,1442505.0,6518070.0,153559448938578.34,139465216954689.67,1591079000000.0,4717669000000.0,2599517000000.0,1353795000000.0,1234268000000.0,4963513000000.0,1151412000000.0,1054781000000.0,1448105000000.0,2118151000000.0,51620000000.0,3812101000000.0,-245844000000.0,53.88142584104872,59.08416366577148,48.91345596313477,68.83296203613281,50.57106781005859,34.49721145629883,61.38969421386719,-75504557037.0,6702032125
05,ANTIOQUIA,2020,5189381.0,1452691.0,6642072.0,148361905353776.75,135904293233099.19,1679283000000.0,4155791000000.0,1825611000000.0,1220273000000.0,592105000000.0,4580359000000.0,1008755000000.0,944744000000.0,816856000000.0,2330179000000.0,63534000000.0,3571604000000.0,-424569000000.0,55.9287066052301,55.57123947143555,56.49226379394531,66.38216400146484,56.63625335693359,39.51131820678711,60.97900009155273,-75504557037.0,6702032125
05,ANTIOQUIA,2021,5262054.0,1459086.0,6721140.0,177769072247213.84,161839199608316.34,1987204000000.0,4614672000000.0,2497386000000.0,1559056000000.0,926099000000.0,4583642000000.0,948365000000.0,860497000000.0,1549021000000.0,2117286000000.0,21554000000.0,3635277000000.0,31031000000.0,57.47525203413611,57.88516998291016,57.86491775512695,67.8817367553711,57.10532760620117,43.25717926025391,60.85718536376953,-75504557037.0,6702032125
05,ANTIOQUIA,2022,5315750.0,1461499.0,6777249.0,211751304283310.28,190746430392509.8,2137351000000.0,5182334000000.0,2835145000000.0,1748023000000.0,1073334000000.0,5273295000000.0,936789000000.0,791009000000.0,1898356000000.0,2347189000000.0,132643000000.0,4336506000000.0,-90961000000.0,58.11356370077402,59.99265289306641,58.12803268432617,69.17890167236328,61.44174194335938,41.6290168762207,58.31103515625,-75504557037.0,6702032125
05,ANTIOQUIA,2023,5363526.0,1462599.0,6826125.0,231121935249122.75,209517948853669.56,2257351000000.0,5735262000000.0,3228864000000.0,1966806000000.0,1246196000000.0,5867655000000.0,1303048000000.0,1040604000000.0,1925816000000.0,2506398000000.0,66984000000.0,4564607000000.0,-132393000000.0,58.99216490005458,60.25467300415039,58.86933898925781,71.61981964111328,61.51893615722656,42.28567504882812,59.40454483032227,-75504557037.0,6702032125
05,ANTIOQUIA,2024,5403715.0,1477084.0,6880799.0,253232379909463.94,230523974937911.53,2353408000000.0,6496020000000.0,3396046000000.0,2105397000000.0,1262248000000.0,6776068000000.0,1218172000000.0,950569000000.0,2177874000000.0,3099974000000.0,130521000000.0,5557896000000.0,-280049000000.0,59.23516225525809,60.32413482666016,58.89464569091797,71.39295196533203,62.50334167480469,43.76861572265625,58.52728652954102,-75504557037.0,6702032125
08,ATLÁNTICO,2018,2404819.0,130687.0,2535506.0,43368866167068.52,38947399570734.11,337481000000.0,1187585000000.0,674679000000.0,478394000000.0,193980000000.0,1353227000000.0,210510000000.0,191268000000.0,464169000000.0,512906000000.0,90538000000.0,1142717000000.0,-165642000000.0,54.98459858149812,62.78607940673828,57.15804672241211,70.29695129394531,41.61841583251953,41.15533828735352,56.89275741577148,-74965219492.0,10677009534
08,ATLÁNTICO,2019,2475498.0,133410.0,2608908.0,46574753007383.14,41668703561620.805,405958000000.0,1191542000000.0,715927000000.0,491330000000.0,223515000000.0,1452599000000.0,227946000000.0,205087000000.0,487981000000.0,475614000000.0,5684000000.0,1224652000000.0,-261057000000.0,58.49934738453933,63.372314453125,58.25032424926758,72.52041625976562,48.96419143676758,43.61294937133789,64.27588653564453,-74965219492.0,10677009534
08,ATLÁNTICO,2020,2556800.0,136588.0,2693388.0,44832642843820.72,40512713594316.09,,1213002000000.0,641724000000.0,466179000000.0,173892000000.0,1244712000000.0,204708000000.0,184372000000.0,437016000000.0,571279000000.0,103855000000.0,1040004000000.0,-31710000000.0,58.92423203752305,60.77303695678711,61.03402709960938,73.07331848144531,50.43391036987305,45.7213020324707,62.50979614257812,-74965219492.0,10677009534
08,ATLÁNTICO,2021,2602268.0,139028.0,2741296.0,52768256342546.46,47404602268471.05,506912000000.0,1285435000000.0,795113000000.0,555954000000.0,236939000000.0,1632771000000.0,225075000000.0,211901000000.0,570038000000.0,490323000000.0,13906000000.0,1407696000000.0,-347335000000.0,59.70018639815766,63.56130981445312,61.61349105834961,73.5416488647461,51.23349380493164,46.60223770141602,61.64893341064453,-74965219492.0,10677009534
08,ATLÁNTICO,2022,2633270.0,140739.0,2774009.0,63907142766072.57,56904435459605.53,628461000000.0,1614380000000.0,956924000000.0,674383000000.0,281476000000.0,1925279000000.0,337818000000.0,292374000000.0,619106000000.0,657456000000.0,44410000000.0,1587461000000.0,-310900000000.0,59.44354914619127,63.90075302124023,59.84878158569336,74.36682891845703,52.05558395385742,42.85247039794922,63.63687896728516,-74965219492.0,10677009534
08,ATLÁNTICO,2023,2663066.0,142335.0,2805401.0,70861502411372.48,63578694585540.08,138407000000.0,1663637000000.0,936342000000.0,639026000000.0,296363000000.0,1988423000000.0,380555000000.0,266596000000.0,555788000000.0,727294000000.0,59954000000.0,1607868000000.0,-324786000000.0,60.37304601211418,63.98446273803711,59.14129638671875,76.1205062866211,51.89300537109375,45.05098342895508,66.04801940917969,-74965219492.0,10677009534
08,ATLÁNTICO,2024,2692867.0,143928.0,2836795.0,76818386924929.1,69160121354996.11,1103338000000.0,1873439000000.0,963048000000.0,648805000000.0,312952000000.0,1771697000000.0,263241000000.0,262991000000.0,699807000000.0,910391000000.0,80991000000.0,1508456000000.0,101742000000.0,61.93217888374231,64.05657958984375,63.69758987426758,78.15422058105469,52.60445404052734,46.14286422729492,66.93737030029297,-74965219492.0,10677009534
11,"BOGOTÁ, D.C.",2018,7366187.0,24869.0,7391056.0,253941024498588.6,,,,,,,,,,,,,,,67.5497587332062,87.34886169433594,58.72373962402344,77.81149291992188,69.36207580566406,33.95153427124023,78.10084533691406,-74181072702.0,4316107698
11,"BOGOTÁ, D.C.",2019,7507403.0,25799.0,7533202.0,273524354237230.25,,,,,,,,,,,,,,,69.00295255829532,87.36750793457031,60.10909652709961,81.22875213623047,75.09551239013672,31.13109970092773,79.08573913574219,-74181072702.0,4316107698
11,"BOGOTÁ, D.C.",2020,7690578.0,26986.0,7717564.0,260747484382421.8,,,,,,,,,,,,,,,68.6837047114122,82.25691223144531,60.85139465332031,82.31864929199219,79.23819732666016,28.47378730773926,78.9632797241211,-74181072702.0,4316107698
11,"BOGOTÁ, D.C.",2021,7777174.0,27746.0,7804920.0,303287430746684.9,,,,,,,,,,,,,,,69.6141563263151,84.82369232177734,60.49412155151367,83.46810913085938,80.475341796875,28.49680709838867,79.92687225341797,-74181072702.0,4316107698
11,"BOGOTÁ, D.C.",2022,7820740.0,28466.0,7849206.0,362156848369662.06,,,,,,,,,,,,,,,70.9169842359229,87.94395446777344,61.19391250610352,84.90364074707031,82.59961700439453,28.27421951293945,80.58656311035156,-74181072702.0,4316107698
11,"BOGOTÁ, D.C.",2023,7854783.0,29145.0,7883928.0,395437789346507.94,,,,,,,,,,,,,,,70.81699748864482,87.9673080444336,56.34201431274414,85.52937316894531,83.3055648803711,29.79877853393555,81.95895385742188,-74181072702.0,4316107698
11,"BOGOTÁ, D.C.",2024,7888813.0,29847.0,7918660.0,430151041138866.8,,,,,,,,,,,,,,,70.72686953855572,88.02786254882812,59.41995620727539,79.99650573730469,87.7585220336914,29.92602348327637,79.23234558105469,-74181072702.0,4316107698
13,BOLÍVAR,2018,1549072.0,521011.0,2070083.0,35410286208458.84,31485047360708.676,106004000000.0,1557305000000.0,400823000000.0,317352000000.0,82157000000.0,1471895000000.0,204601000000.0,196465000000.0,196222000000.0,1156482000000.0,259606000000.0,1267294000000.0,85410000000.0,48.5230121470149,49.82391738891602,50.61706161499023,58.08774185180664,28.70655632019043,44.36104583740234,59.541748046875,-74235148136.0,8079796863
13,BOLÍVAR,2019,1574683.0,533729.0,2108412.0,38285298968000.63,33990907235096.79,138482000000.0,1375490000000.0,416042000000.0,320428000000.0,95613000000.0,1697856000000.0,223527000000.0,217154000000.0,192515000000.0,959449000000.0,0.0,1474329000000.0,-322366000000.0,48.8061416405346,51.06805801391602,46.53395080566406,60.14582061767578,31.28728294372559,45.40400695800781,58.39773559570312,-74235148136.0,8079796863
13,BOLÍVAR,2020,1603626.0,547835.0,2151461.0,34625951318224.44,30964294748834.965,130469000000.0,1315091000000.0,312476000000.0,260355000000.0,48532000000.0,1158509000000.0,175787000000.0,171829000000.0,136690000000.0,1002615000000.0,10416000000.0,982722000000.0,156583000000.0,49.01661686853031,49.27372360229492,47.24637985229492,60.09365463256836,34.39213562011719,48.52964782714844,54.56415939331055,-74235148136.0,8079796863
13,BOLÍVAR,2021,1620250.0,557102.0,2177352.0,42169880489798.14,37448315728655.08,190867000000.0,1787287000000.0,424677000000.0,333637000000.0,91040000000.0,2074730000000.0,272035000000.0,254443000000.0,152642000000.0,1362610000000.0,339639000000.0,1802695000000.0,-287443000000.0,48.61508991682152,49.29468154907227,46.17239761352539,62.0533561706543,34.84382629394531,45.86573791503906,53.46054077148438,-74235148136.0,8079796863
13,BOLÍVAR,2022,1630981.0,564294.0,2195275.0,51340964716456.14,45233005383339.664,274737000000.0,2110006000000.0,521692000000.0,382618000000.0,139074000000.0,2103997000000.0,330588000000.0,315819000000.0,191104000000.0,1588314000000.0,459002000000.0,1773408000000.0,6009000000.0,49.09778290774462,50.9136848449707,46.90135955810547,65.54093170166016,34.85379028320312,43.21799468994141,53.158935546875,-74235148136.0,8079796863
13,BOLÍVAR,2023,1640242.0,570737.0,2210979.0,56924470099647.63,50616239727888.33,300782000000.0,1869099000000.0,581849000000.0,421059000000.0,160789000000.0,1987940000000.0,365116000000.0,313402000000.0,216733000000.0,1287250000000.0,202366000000.0,1622825000000.0,-118841000000.0,49.8736557854,51.10446929931641,52.28721618652344,66.22406005859375,35.01394653320312,42.7548713684082,51.85737228393555,-74235148136.0,8079796863
13,BOLÍVAR,2024,1649787.0,577394.0,2227181.0,61184850527807.484,54559360414794.63,287438000000.0,2218648000000.0,595631000000.0,436822000000.0,157992000000.0,2258566000000.0,622940000000.0,588574000000.0,-27309000000.0,1623017000000.0,196131000000.0,1635626000000.0,-39918000000.0,50.88821396152278,51.01847457885742,53.95604705810547,63.60333251953125,34.94968795776367,46.05313110351562,55.74860763549805,-74235148136.0,8079796863
15,BOYACÁ,2018,715086.0,503669.0,1218755.0,26884207243444.688,24885323042312.527,107360000000.0,1366572000000.0,321695000000.0,289983000000.0,27500000000.0,1349058000000.0,181462000000.0,175607000000.0,140233000000.0,1044877000000.0,231081000000.0,1167596000000.0,17514000000.0,48.92508606606478,33.35848617553711,45.89892959594727,59.0461540222168,45.60881805419922,50.37822723388672,59.25990295410156,-72627880544.0,5891672889
15,BOYACÁ,2019,730718.0,502712.0,1233430.0,28573546284721.086,26384351418521.355,132175000000.0,1298595000000.0,368156000000.0,331614000000.0,34534000000.0,1472095000000.0,196943000000.0,190189000000.0,171213000000.0,930439000000.0,87341000000.0,1275151000000.0,-173499000000.0,51.04949291984916,34.73335266113281,46.14695739746094,63.58518600463867,49.31578063964844,51.91204452514648,60.60363388061523,-72627880544.0,5891672889
15,BOYACÁ,2020,742796.0,506181.0,1248977.0,26480063655506.27,24507798886345.95,137366000000.0,1184280000000.0,305348000000.0,275864000000.0,22705000000.0,1232620000000.0,178632000000.0,172392000000.0,126716000000.0,878932000000.0,9831000000.0,1053988000000.0,-48340000000.0,52.21100017738018,34.56485366821289,48.05962371826172,64.22555541992188,53.22336196899414,53.00723266601562,60.18537521362305,-72627880544.0,5891672889
15,BOYACÁ,2021,753770.0,506457.0,1260227.0,31175991293045.81,28708479143157.465,128659000000.0,1237034000000.0,392523000000.0,353477000000.0,27468000000.0,1253400000000.0,168124000000.0,162129000000.0,224399000000.0,844511000000.0,19635000000.0,1085276000000.0,-16366000000.0,53.04200944507419,35.0247688293457,49.18656921386719,65.18894958496094,56.25400924682617,52.74925994873047,59.84849548339844,-72627880544.0,5891672889
15,BOYACÁ,2022,762619.0,505748.0,1268367.0,39424190015580.945,36278677436310.16,114028000000.0,1356816000000.0,444596000000.0,403774000000.0,38372000000.0,1433244000000.0,177248000000.0,166611000000.0,267348000000.0,912220000000.0,64993000000.0,1255995000000.0,-76427000000.0,52.90848197003133,36.18730163574219,49.6181755065918,67.89214324951172,56.0875244140625,49.17147445678711,58.4942741394043,-72627880544.0,5891672889
15,BOYACÁ,2023,770593.0,504693.0,1275286.0,42277217207543.43,39049173500554.625,124742000000.0,1463424000000.0,451441000000.0,404855000000.0,43990000000.0,1615451000000.0,197932000000.0,181847000000.0,253510000000.0,1011983000000.0,43156000000.0,1417520000000.0,-152027000000.0,53.30616622977438,35.62145233154297,48.43842315673828,69.21858978271484,58.85408401489258,49.02107238769531,58.68337631225586,-72627880544.0,5891672889
15,BOYACÁ,2024,778910.0,504315.0,1283225.0,45232488290175.055,41849771254724.17,116341000000.0,1941569000000.0,466883000000.0,414085000000.0,49767000000.0,2081156000000.0,272911000000.0,257379000000.0,193973000000.0,1474685000000.0,223425000000.0,1808245000000.0,-139588000000.0,53.92471441697386,35.67575073242188,48.87868881225586,71.09027099609375,60.47260284423828,49.20957183837891,58.22140502929688,-72627880544.0,5891672889
17,CALDAS,2018,740866.0,257383.0,998249.0,15710828928008.2,14421078170039.205,34324000000.0,652271000000.0,237156000000.0,203298000000.0,30255000000.0,646209000000.0,123852000000.0,122562000000.0,113305000000.0,415114000000.0,4297000000.0,522358000000.0,6061000000.0,52.20358601739919,41.52314376831055,54.29970550537109,57.0357551574707,58.97932815551758,42.98419570922852,58.39938735961914,-75274983037.0,5280139978
17,CALDAS,2019,754261.0,257325.0,1011586.0,17012439291130.959,15607792097433.846,88097000000.0,712400000000.0,266129000000.0,229419000000.0,33969000000.0,790103000000.0,129511000000.0,127585000000.0,136618000000.0,446272000000.0,6723000000.0,660592000000.0,-77703000000.0,52.75942264091044,43.44137573242188,52.8438835144043,61.60280227661133,60.15486526489258,46.80330657958984,51.71030426025391,-75274983037.0,5280139978
17,CALDAS,2020,768323.0,257325.0,1025648.0,16674101383261.354,15443006735200.516,101418000000.0,785513000000.0,236134000000.0,201444000000.0,26857000000.0,818464000000.0,116943000000.0,113353000000.0,119191000000.0,549379000000.0,63481000000.0,701520000000.0,-32951000000.0,55.63366000526273,43.28401947021484,53.74470520019531,61.79081344604492,66.03150939941406,52.93815612792969,56.01275634765625,-75274983037.0,5280139978
17,CALDAS,2021,779406.0,255800.0,1035206.0,19594584180210.242,18047228911099.26,149116000000.0,830066000000.0,305202000000.0,261305000000.0,37630000000.0,838550000000.0,137459000000.0,135146000000.0,167743000000.0,524864000000.0,8275000000.0,701091000000.0,-8484000000.0,59.8498255057634,43.97055053710938,57.26001358032227,72.07423400878906,66.63520050048828,59.38762283325195,59.77133178710938,-75274983037.0,5280139978
17,CALDAS,2022,787981.0,253251.0,1041232.0,23873257033373.652,21827656774437.996,171041000000.0,862931000000.0,334419000000.0,291865000000.0,39614000000.0,1012749000000.0,156540000000.0,147620000000.0,177879000000.0,528512000000.0,22160000000.0,856209000000.0,-149818000000.0,60.16566970864817,44.41596221923828,58.03031921386719,73.26089477539062,67.11244201660156,61.53141403198242,56.64298629760742,-75274983037.0,5280139978
17,CALDAS,2023,794497.0,250073.0,1044570.0,26212674535076.098,24120662489882.246,203265000000.0,993913000000.0,361659000000.0,233924000000.0,123832000000.0,1031610000000.0,196773000000.0,175019000000.0,164886000000.0,632253000000.0,8951000000.0,834837000000.0,-37697000000.0,62.33444595456365,44.68167495727539,59.41691589355469,76.05521392822266,68.44059753417969,65.41384887695312,59.99842071533203,-75274983037.0,5280139978
17,CALDAS,2024,802717.0,247409.0,1050126.0,28821000529787.543,26629507716484.355,177659000000.0,1157649000000.0,390865000000.0,255588000000.0,131031000000.0,1202539000000.0,211290000000.0,188136000000.0,179575000000.0,766784000000.0,49156000000.0,991249000000.0,-44890000000.0,61.28313126729431,44.40766906738281,60.71551132202148,66.4752426147461,70.68434143066406,66.7160873413086,58.69992828369141,-75274983037.0,5280139978
18,CAQUETÁ,2018,258773.0,143312.0,402085.0,4071614960935.0215,3864056807856.0957,,413918000000.0,80805000000.0,64522000000.0,11658000000.0,437732000000.0,42342000000.0,42342000000.0,38463000000.0,333113000000.0,64698000000.0,395390000000.0,-23814000000.0,36.19339704666275,31.06938362121582,38.498046875,51.99634552001953,23.09327697753906,29.08198356628418,43.42134475708008,-73959467561.0,"0,798556195"
18,CAQUETÁ,2019,262363.0,143748.0,406111.0,4313452682771.4707,4085067531910.7036,,356141000000.0,78447000000.0,63993000000.0,13331000000.0,511811000000.0,47584000000.0,47584000000.0,30862000000.0,277694000000.0,24298000000.0,464227000000.0,-155671000000.0,38.32685534764619,30.5620231628418,33.66397094726562,57.22116851806641,27.30537223815918,37.39384460449219,43.81475448608398,-73959467561.0,"0,798556195"
18,CAQUETÁ,2020,266465.0,144102.0,410567.0,4170644755381.6836,3952202480246.9316,,376400000000.0,67306000000.0,51091000000.0,12896000000.0,466390000000.0,42838000000.0,42838000000.0,24468000000.0,309094000000.0,39851000000.0,423552000000.0,-89990000000.0,40.6101374972511,30.56472396850586,37.85113906860352,56.80839920043945,29.86567497253418,42.85860443115234,45.71228408813477,-73959467561.0,"0,798556195"
18,CAQUETÁ,2021,269688.0,145259.0,414947.0,4778328501184.28,4513629337759.703,2321000000.0,403190000000.0,89557000000.0,64566000000.0,21189000000.0,409920000000.0,48901000000.0,48849000000.0,40656000000.0,313633000000.0,36163000000.0,361019000000.0,-6730000000.0,41.11333031176628,31.34020805358887,38.12668228149414,57.17995452880859,30.07476043701172,48.19076156616211,41.76761627197266,-73959467561.0,"0,798556195"
18,CAQUETÁ,2022,272442.0,146282.0,418724.0,5585770766351.537,5226394371895.532,4285000000.0,421496000000.0,100031000000.0,68850000000.0,30078000000.0,460011000000.0,56145000000.0,55842000000.0,43887000000.0,321465000000.0,44608000000.0,403866000000.0,-38515000000.0,42.60731818205539,31.67559623718262,39.32269287109375,60.68510437011719,31.35898590087891,47.35340118408203,45.24812698364258,-73959467561.0,"0,798556195"
18,CAQUETÁ,2023,274985.0,147286.0,422271.0,6250433809661.449,5872330366373.587,5803000000.0,421756000000.0,105955000000.0,77392000000.0,27447000000.0,461250000000.0,67399000000.0,66558000000.0,38556000000.0,315801000000.0,4549000000.0,393851000000.0,-39493000000.0,41.9857276503773,32.06491470336914,41.21612930297852,60.85249710083008,30.17726898193359,40.84318923950195,46.7603645324707,-73959467561.0,"0,798556195"
18,CAQUETÁ,2024,277433.0,148394.0,425827.0,6831025788023.121,6433940677876.071,5230000000.0,521651000000.0,109071000000.0,76705000000.0,31243000000.0,536668000000.0,71922000000.0,71180000000.0,37149000000.0,412580000000.0,9212000000.0,464747000000.0,-15017000000.0,42.41474366228358,31.88808250427246,41.91614151000977,63.40954208374023,31.7132682800293,40.23490142822266,45.3265266418457,-73959467561.0,"0,798556195"
19,CAUCA,2018,545909.0,918593.0,1464502.0,17478959533504.326,15841435500670.873,13739000000.0,1180053000000.0,177993000000.0,102817000000.0,72822000000.0,1154555000000.0,92915000000.0,92183000000.0,85078000000.0,1002059000000.0,160964000000.0,1061640000000.0,25497000000.0,42.13936962304231,30.55213356018066,47.78886032104492,48.2596549987793,33.93730926513672,36.70768737792969,55.590576171875,-76824232828.0,2396833887
19,CAUCA,2019,552173.0,935204.0,1487377.0,18755358542324.72,16958424779937.42,9218000000.0,1173315000000.0,194849000000.0,122075000000.0,71739000000.0,1280291000000.0,106819000000.0,106368000000.0,88029000000.0,978466000000.0,9203000000.0,1173472000000.0,-106976000000.0,43.71022136746723,32.80619049072266,45.03236770629883,54.22344970703125,37.66007995605469,38.65509796142578,53.8841438293457,-76824232828.0,2396833887
19,CAUCA,2020,558754.0,952150.0,1510904.0,18193667869684.934,16573643084023.617,5694000000.0,1257895000000.0,201973000000.0,114396000000.0,73348000000.0,1284413000000.0,86757000000.0,86513000000.0,115216000000.0,1055922000000.0,43925000000.0,1197657000000.0,-26519000000.0,45.59832133750859,32.39057540893555,45.20130920410156,54.96487045288086,43.59161376953125,42.37579727172852,55.06576919555664,-76824232828.0,2396833887
19,CAUCA,2021,564439.0,967495.0,1531934.0,21449465903985.516,19380109067634.227,20240000000.0,1445698000000.0,241487000000.0,135031000000.0,105603000000.0,1369859000000.0,103280000000.0,103235000000.0,138207000000.0,1204211000000.0,51021000000.0,1266579000000.0,75839000000.0,46.20145989446377,32.96482086181641,48.71050643920898,55.46353149414062,41.30107879638672,43.68609237670898,55.08273315429688,-76824232828.0,2396833887
19,CAUCA,2022,568596.0,981263.0,1549859.0,26176240628018.96,23428922756599.41,32348000000.0,1460407000000.0,263703000000.0,148387000000.0,114219000000.0,1444574000000.0,116775000000.0,115403000000.0,146928000000.0,1196704000000.0,57449000000.0,1327799000000.0,15832000000.0,46.40748857674025,33.12374877929688,50.5342903137207,57.15291595458984,42.92631530761719,41.18240356445312,53.52526092529297,-76824232828.0,2396833887
19,CAUCA,2023,571716.0,994029.0,1565745.0,28537042539022.547,25732161330740.05,35566000000.0,1558820000000.0,269104000000.0,148586000000.0,119385000000.0,1590797000000.0,139713000000.0,136277000000.0,129391000000.0,1289716000000.0,19040000000.0,1451084000000.0,-31978000000.0,48.02259132979165,33.28153228759766,50.93054962158203,64.95632934570312,44.6316032409668,39.13262939453125,55.20290374755859,-76824232828.0,2396833887
19,CAUCA,2024,575275.0,1007820.0,1583095.0,31102858612446.42,28156136597756.805,31823000000.0,1939165000000.0,286732000000.0,164768000000.0,120787000000.0,1891434000000.0,143232000000.0,139895000000.0,143500000000.0,1652433000000.0,85968000000.0,1748202000000.0,47731000000.0,48.62803927592411,33.52948379516602,50.50240707397461,65.93404388427734,46.09169769287109,40.86824417114258,54.84235763549805,-76824232828.0,2396833887
20,CESAR,2018,903376.0,297213.0,1200589.0,21262810486090.59,20609125555524.46,128594000000.0,1005649000000.0,168172000000.0,131438000000.0,22878000000.0,912284000000.0,87714000000.0,82003000000.0,80458000000.0,837476000000.0,311267000000.0,824570000000.0,93365000000.0,44.93509660254124,36.81255722045898,47.84350204467773,56.59505081176758,25.58981895446777,40.39607620239258,62.37357711791992,-73517831544.0,953665993
20,CESAR,2019,939403.0,311772.0,1251175.0,20724528497966.64,20017216239462.023,110469000000.0,989262000000.0,176890000000.0,144157000000.0,31736000000.0,1121609000000.0,91110000000.0,86380000000.0,85780000000.0,812372000000.0,144919000000.0,1030498000000.0,-132346000000.0,45.16609651828934,39.08152008056641,45.36847305297852,57.1753044128418,25.12906265258789,46.18222808837891,58.05998992919922,-73517831544.0,953665993
20,CESAR,2020,979793.0,327970.0,1307763.0,17710496387355.234,17109545642913.988,103002000000.0,894739000000.0,154079000000.0,115215000000.0,37429000000.0,961167000000.0,84466000000.0,80744000000.0,69613000000.0,740660000000.0,139463000000.0,876701000000.0,-66428000000.0,46.36379337022876,38.90165710449219,44.99844360351562,53.65063095092773,28.3593807220459,51.14198684692383,61.13066101074219,-73517831544.0,953665993
20,CESAR,2021,1010095.0,337351.0,1347446.0,23309935413145.688,22536488630794.375,80823000000.0,900884000000.0,189588000000.0,145592000000.0,42925000000.0,1022453000000.0,88587000000.0,87429000000.0,101001000000.0,711296000000.0,15914000000.0,933866000000.0,-121569000000.0,46.46688638429208,39.83935165405273,44.99478912353516,53.85490417480469,31.40153884887695,46.76317596435547,61.94755935668945,-73517831544.0,953665993
20,CESAR,2022,1034519.0,344760.0,1379279.0,39132730014453.61,38072210093696.14,66685000000.0,1232402000000.0,241918000000.0,170013000000.0,70819000000.0,1851379000000.0,100134000000.0,96338000000.0,141783000000.0,990484000000.0,285665000000.0,1751244000000.0,-618977000000.0,46.06949660838588,40.58712768554688,46.01125335693359,62.50631332397461,29.19163131713867,41.55700302124023,56.56364822387695,-73517831544.0,953665993
20,CESAR,2023,1058250.0,351897.0,1410147.0,34820880659655.246,33710329005679.77,90902000000.0,1136999000000.0,320365000000.0,221033000000.0,98338000000.0,1921581000000.0,118519000000.0,107761000000.0,201846000000.0,816634000000.0,79366000000.0,1803063000000.0,-784582000000.0,46.0572515873227,41.10172271728516,45.26030731201172,62.81393432617188,28.56739044189453,38.18191146850586,60.41823959350586,-73517831544.0,953665993
20,CESAR,2024,1081709.0,358775.0,1440484.0,31092175529004.688,29922170062008.277,106628000000.0,1900516000000.0,293817000000.0,197634000000.0,95109000000.0,2386087000000.0,138794000000.0,122363000000.0,155024000000.0,1606698000000.0,706105000000.0,2247293000000.0,-485571000000.0,46.41915627386015,41.47788619995117,48.32467269897461,62.72687530517578,30.1594352722168,39.2093620300293,56.61670684814453,-73517831544.0,953665993
23,CÓRDOBA,2018,937313.0,847441.0,1784754.0,16800140085140.14,15662432347181.254,47269000000.0,1235975000000.0,215969000000.0,206316000000.0,6883000000.0,1185231000000.0,127960000000.0,124270000000.0,88010000000.0,1020005000000.0,187366000000.0,1057271000000.0,50744000000.0,48.45409425658781,38.79534530639648,52.31111526489258,54.3817024230957,29.7142391204834,59.09067535400391,56.43149185180664,-75792008718.0,8358549754
23,CÓRDOBA,2019,954382.0,866857.0,1821239.0,18278689972722.098,17044181202883.715,61743000000.0,1195718000000.0,218194000000.0,208149000000.0,8081000000.0,1221644000000.0,128143000000.0,123412000000.0,90051000000.0,977525000000.0,60654000000.0,1093501000000.0,-25925000000.0,51.64201750388795,40.44649124145508,50.65325546264648,58.29807662963867,37.15466690063477,65.62358856201172,57.67602157592773,-75792008718.0,8358549754
23,CÓRDOBA,2020,972571.0,887239.0,1859810.0,17892891361562.758,16790902510392.807,54084000000.0,1240016000000.0,196939000000.0,186515000000.0,5408000000.0,1157714000000.0,113031000000.0,109524000000.0,83908000000.0,1043078000000.0,74081000000.0,1044683000000.0,82302000000.0,53.03708315712228,39.2258415222168,51.43487930297852,59.09992599487305,38.13514709472656,70.50672149658203,59.81998443603516,-75792008718.0,8358549754
23,CÓRDOBA,2021,989322.0,901540.0,1890862.0,21115982981779.363,19734287961445.87,88182000000.0,1340629000000.0,259250000000.0,247625000000.0,8449000000.0,1379095000000.0,125031000000.0,122021000000.0,134219000000.0,1081379000000.0,121604000000.0,1254064000000.0,-38466000000.0,53.08106451939696,40.87548446655273,50.0875129699707,59.6910400390625,35.82414627075195,74.330810546875,57.67739486694336,-75792008718.0,8358549754
23,CÓRDOBA,2022,1003942.0,913800.0,1917742.0,25760156984972.438,23994298213282.754,152746000000.0,1535278000000.0,314996000000.0,289201000000.0,25375000000.0,1677201000000.0,192129000000.0,180643000000.0,122867000000.0,1220283000000.0,160375000000.0,1485072000000.0,-141923000000.0,52.3989065676752,41.58844757080078,50.60084915161133,58.92877197265625,33.51619338989258,74.29303741455078,55.46613693237305,-75792008718.0,8358549754
23,CÓRDOBA,2023,1018202.0,925549.0,1943751.0,28303319044788.58,26422238122577.02,176991000000.0,1482658000000.0,327068000000.0,297648000000.0,28289000000.0,1707958000000.0,230918000000.0,209860000000.0,96150000000.0,1155590000000.0,26509000000.0,1477039000000.0,-225299000000.0,52.51009954816552,42.13901519775391,49.69522094726562,55.85412216186523,32.21780395507812,76.554931640625,58.59949493408203,-75792008718.0,8358549754
23,CÓRDOBA,2024,1032103.0,937005.0,1969108.0,30952493327479.08,28978331549934.11,,1789227000000.0,336201000000.0,306864000000.0,27992000000.0,1845248000000.0,224387000000.0,201617000000.0,111815000000.0,1453026000000.0,100288000000.0,1620862000000.0,-56021000000.0,53.68215873552305,41.71635055541992,53.0491828918457,60.28071975708008,32.60945892333984,79.60417938232422,54.83306121826172,-75792008718.0,8358549754
25,CUNDINAMARCA,2018,2093005.0,846835.0,2939840.0,59084777423068.38,52898218316343.79,769966000000.0,2338910000000.0,1341440000000.0,1036781000000.0,302654000000.0,2471303000000.0,523765000000.0,483535000000.0,817675000000.0,997470000000.0,115298000000.0,1947538000000.0,-132393000000.0,52.09128456406714,50.85151290893555,52.13333511352539,67.431884765625,44.51028060913086,38.57803726196289,59.04265213012695,-74431110916.0,4771120716
25,CUNDINAMARCA,2019,2191313.0,861008.0,3052321.0,63112198194093.5,56332703361284.34,733125000000.0,2463993000000.0,1472355000000.0,1115862000000.0,355330000000.0,2491018000000.0,528855000000.0,482002000000.0,943499000000.0,991638000000.0,0.0,1962163000000.0,-27025000000.0,53.36646729360934,52.12207412719727,51.88984680175781,67.1060791015625,47.31199645996094,40.57938003540039,61.18943023681641,-74431110916.0,4771120716
25,CUNDINAMARCA,2020,2294117.0,863825.0,3157942.0,61314817260784.37,55030795355809.05,654174000000.0,2435338000000.0,1324339000000.0,1126473000000.0,192227000000.0,2478747000000.0,421343000000.0,386677000000.0,902995000000.0,1110999000000.0,99114000000.0,2057404000000.0,-43410000000.0,54.23698333473063,48.85331344604492,51.51068115234375,68.31729888916016,53.28063583374023,42.14622497558594,61.31374740600586,-74431110916.0,4771120716
25,CUNDINAMARCA,2021,2377148.0,865520.0,3242668.0,73405277776401.03,65375680335032.46,965503000000.0,3027055000000.0,1878227000000.0,1591154000000.0,285930000000.0,3065972000000.0,510397000000.0,483171000000.0,1367830000000.0,1148829000000.0,20285000000.0,2555575000000.0,-38916000000.0,55.12833146489966,51.26275634765625,53.75458526611328,69.77345275878906,55.33603286743164,42.45510101318359,58.18806457519531,-74431110916.0,4771120716
25,CUNDINAMARCA,2022,2452698.0,863885.0,3316583.0,91540425731164.25,81167466519065.7,1117304000000.0,3661220000000.0,2300642000000.0,1886325000000.0,412736000000.0,3994988000000.0,661436000000.0,589173000000.0,1639206000000.0,1360578000000.0,106396000000.0,3333551000000.0,-333768000000.0,55.02295218121902,53.61529159545898,54.58356857299805,72.8042221069336,53.48087692260742,39.95969772338867,55.69405746459961,-74431110916.0,4771120716
25,CUNDINAMARCA,2023,2527581.0,860902.0,3388483.0,99944842847152.97,89122735415153.28,1347958000000.0,3982714000000.0,2506279000000.0,2021571000000.0,483032000000.0,4556704000000.0,877049000000.0,725176000000.0,1629230000000.0,1476435000000.0,92441000000.0,3679656000000.0,-573991000000.0,55.94621856862646,53.89076232910156,55.35991668701172,72.99468231201172,55.00902557373047,42.5517692565918,55.87115478515625,-74431110916.0,4771120716
25,CUNDINAMARCA,2024,2605129.0,857875.0,3463004.0,108202141217283.27,96825091072584.66,1283741000000.0,4614843000000.0,2616224000000.0,2125448000000.0,488666000000.0,4416050000000.0,921358000000.0,765610000000.0,1694866000000.0,1998619000000.0,233417000000.0,3494692000000.0,198793000000.0,57.08277090810471,54.350341796875,56.09191131591797,72.17526245117188,58.37009811401367,46.36043930053711,55.1485710144043,-74431110916.0,4771120716
27,CHOCÓ,2018,243180.0,291627.0,534807.0,3777127751549.6987,3652635930958.6353,46533000000.0,624698000000.0,70335000000.0,66433000000.0,3769000000.0,598054000000.0,64490000000.0,62409000000.0,5845000000.0,554363000000.0,192023000000.0,533564000000.0,26644000000.0,33.42393135621047,21.80337524414062,39.80833435058594,28.57553291320801,10.50203323364258,49.92854309082031,49.9257698059082,-76942811002.0,5397581542
27,CHOCÓ,2019,245821.0,299499.0,545320.0,4167560818748.5103,4030053522413.483,45397000000.0,646924000000.0,72749000000.0,68631000000.0,4118000000.0,680943000000.0,62786000000.0,60742000000.0,9963000000.0,574175000000.0,183883000000.0,618156000000.0,-34019000000.0,34.93154955051012,22.31710243225098,38.32471466064453,34.52937698364258,12.18666648864746,52.14570617675781,50.08572769165039,-76942811002.0,5397581542
27,CHOCÓ,2020,247974.0,307813.0,555787.0,4489398512316.524,4348821470258.8047,43552000000.0,605843000000.0,72867000000.0,65678000000.0,3132000000.0,695159000000.0,58223000000.0,57929000000.0,14645000000.0,532975000000.0,89194000000.0,636936000000.0,-89316000000.0,35.49767788938664,22.26641082763672,39.4317626953125,33.26257705688477,13.84916877746582,55.18758773803711,48.98856353759766,-76942811002.0,5397581542
27,CHOCÓ,2021,250165.0,314217.0,564382.0,5197924623872.647,5027936547268.94,41619000000.0,612474000000.0,104762000000.0,88528000000.0,5529000000.0,669843000000.0,77603000000.0,75406000000.0,27159000000.0,507712000000.0,2160000000.0,592240000000.0,-57369000000.0,36.61615354517082,22.52995491027832,39.7475700378418,38.3856201171875,12.18042182922363,56.83511352539062,50.01824188232422,-76942811002.0,5397581542
27,CHOCÓ,2022,252119.0,320139.0,572258.0,6107769942096.247,5879512112895.496,38799000000.0,622766000000.0,99476000000.0,90827000000.0,8649000000.0,653178000000.0,82587000000.0,81010000000.0,16888000000.0,523291000000.0,23058000000.0,570591000000.0,-30412000000.0,36.08865059898269,22.78870391845703,42.6284065246582,34.90777969360352,9.964395523071289,56.775146484375,49.46747207641602,-76942811002.0,5397581542
27,CHOCÓ,2023,253706.0,325736.0,579442.0,6891326024081.318,6659388117480.053,37043000000.0,656112000000.0,110150000000.0,100634000000.0,9516000000.0,676199000000.0,77354000000.0,73233000000.0,32796000000.0,545962000000.0,0.0,598845000000.0,-20087000000.0,37.04731396727167,22.78898239135742,43.1800422668457,39.20246505737305,9.323131561279297,58.42821502685547,49.36104583740234,-76942811002.0,5397581542
27,CHOCÓ,2024,267616.0,318512.0,586128.0,7581945750789.459,7339340788402.39,3743000000.0,884465000000.0,122585000000.0,108414000000.0,14042000000.0,874249000000.0,79148000000.0,79148000000.0,43438000000.0,761879000000.0,0.0,795101000000.0,10216000000.0,37.80393664307203,23.37469291687012,44.37516021728516,40.91963195800781,12.58674049377441,60.10459136962891,45.46280288696289,-76942811002.0,5397581542
41,HUILA,2018,669696.0,430668.0,1100364.0,15989263313235.672,15055286273027.656,27250000000.0,950558000000.0,213400000000.0,159552000000.0,50982000000.0,949493000000.0,128166000000.0,125471000000.0,85234000000.0,737158000000.0,158534000000.0,821327000000.0,1065000000.0,44.9966758738742,35.61611175537109,49.35628128051758,54.31729125976562,45.04971694946289,32.43184661865234,53.20880508422852,-75584348363.0,2570143029
41,HUILA,2019,680476.0,437310.0,1117786.0,17197916997849.28,16183724714203.88,68875000000.0,936910000000.0,234486000000.0,176186000000.0,52618000000.0,956749000000.0,109567000000.0,107693000000.0,124919000000.0,702425000000.0,123787000000.0,847182000000.0,-19838000000.0,46.7246448470709,38.4155387878418,45.60517883300781,58.21480178833008,48.04838943481445,33.04588317871094,57.01807403564453,-75584348363.0,2570143029
41,HUILA,2020,691416.0,443980.0,1135396.0,16652937917443.957,15756495364420.56,71194000000.0,945186000000.0,212410000000.0,148604000000.0,34231000000.0,890295000000.0,125487000000.0,122903000000.0,86923000000.0,732776000000.0,65761000000.0,764808000000.0,54890000000.0,48.90558442858197,38.33229827880859,46.959716796875,67.63909149169922,50.3765754699707,32.65843963623047,57.46738433837891,-75584348363.0,2570143029
41,HUILA,2021,701626.0,449856.0,1151482.0,19728563125538.242,18590255071887.688,68777000000.0,956654000000.0,280939000000.0,197441000000.0,66040000000.0,971907000000.0,105509000000.0,103128000000.0,175430000000.0,675715000000.0,57637000000.0,866398000000.0,-15253000000.0,49.4244384817905,38.17197418212891,48.89471435546875,66.48495483398438,52.43622207641602,33.03969192504883,57.51907348632812,-75584348363.0,2570143029
41,HUILA,2022,710993.0,455150.0,1166143.0,24496545921098.38,22941737179043.883,60827000000.0,1074942000000.0,327951000000.0,238032000000.0,88098000000.0,1360719000000.0,127219000000.0,123013000000.0,200732000000.0,746991000000.0,98105000000.0,1233499000000.0,-285776000000.0,48.04942014345276,38.52334213256836,49.69020080566406,64.58090209960938,52.49920654296875,27.1647891998291,55.83807373046875,-75584348363.0,2570143029
41,HUILA,2023,719797.0,460085.0,1179882.0,26533032811661.742,24912157428335.285,91651000000.0,1219039000000.0,345243000000.0,242796000000.0,99938000000.0,1585404000000.0,193143000000.0,184358000000.0,152100000000.0,873796000000.0,146821000000.0,1392260000000.0,-366365000000.0,49.08043737589149,39.01644515991211,49.75794219970703,65.15584564208984,55.68563079833984,26.19638633728027,58.67037963867188,-75584348363.0,2570143029
41,HUILA,2024,729291.0,465463.0,1194754.0,29310009016816.246,27606493486048.465,101860000000.0,1543681000000.0,380552000000.0,249601000000.0,104321000000.0,1652086000000.0,150273000000.0,139380000000.0,230279000000.0,1163129000000.0,282570000000.0,1501813000000.0,-108405000000.0,50.50293551933409,39.21977233886719,50.61183547973633,71.94758605957031,57.66139984130859,27.5444393157959,56.03258514404297,-75584348363.0,2570143029
44,LA GUAJIRA,2018,410637.0,469915.0,880552.0,11881877816786.746,11492476388792.727,100126000000.0,734351000000.0,71553000000.0,68241000000.0,2609000000.0,680172000000.0,53870000000.0,45618000000.0,17683000000.0,662798000000.0,302479000000.0,626302000000.0,54179000000.0,38.69317532501125,38.53498458862305,43.67876052856445,36.71142959594727,13.39861965179443,46.06902694702148,53.76623153686523,-72429510724.0,11476870077
44,LA GUAJIRA,2019,438015.0,480047.0,918062.0,11225069627897.336,10803876759409.744,100126000000.0,549219000000.0,100186000000.0,96654000000.0,2649000000.0,534033000000.0,49090000000.0,43856000000.0,51097000000.0,449032000000.0,66846000000.0,484943000000.0,15186000000.0,40.13453891848857,38.97129821777344,42.54574966430664,36.52119827270508,15.17356395721436,51.19816589355469,56.39725494384766,-72429510724.0,11476870077
44,LA GUAJIRA,2020,467515.0,492314.0,959829.0,8708805357386.896,8348334075798.358,70233000000.0,523948000000.0,94226000000.0,81590000000.0,2076000000.0,504086000000.0,63609000000.0,49077000000.0,30617000000.0,429721000000.0,76695000000.0,440477000000.0,19861000000.0,41.28261847027154,38.99391174316406,43.77148056030273,35.26819610595703,17.4178295135498,59.00690841674805,53.23738479614258,-72429510724.0,11476870077
44,LA GUAJIRA,2021,483163.0,503410.0,986573.0,14472546798091.74,14012246912394.633,,627910000000.0,120123000000.0,116246000000.0,3295000000.0,578770000000.0,53349000000.0,53349000000.0,66774000000.0,507787000000.0,2078000000.0,525421000000.0,49140000000.0,43.74549901726926,39.32240676879883,43.27886581420898,36.16762161254883,18.57714462280273,64.25888061523438,60.86808013916016,-72429510724.0,11476870077
44,LA GUAJIRA,2022,496235.0,511345.0,1007580.0,22880066463093.574,22254843625778.395,,547267000000.0,151254000000.0,144049000000.0,6761000000.0,558353000000.0,55303000000.0,55303000000.0,95951000000.0,396013000000.0,0.0,503050000000.0,-11086000000.0,43.71368547690076,39.7513427734375,43.27067184448242,40.22917175292969,17.33611869812012,66.20636749267578,55.48843765258789,-72429510724.0,11476870077
44,LA GUAJIRA,2023,509089.0,518825.0,1027914.0,20346021143398.81,19697921804590.426,,683215000000.0,156184000000.0,149589000000.0,6202000000.0,649090000000.0,58450000000.0,58450000000.0,97733000000.0,527032000000.0,23442000000.0,590640000000.0,34125000000.0,44.01829601203519,40.09328079223633,44.62337493896484,43.86228179931641,18.38084030151367,62.60604858398438,54.54395294189453,-72429510724.0,11476870077
44,LA GUAJIRA,2024,521754.0,526105.0,1047859.0,17617635117454.58,16941313723976.025,,882294000000.0,190214000000.0,178577000000.0,11270000000.0,993297000000.0,69814000000.0,69814000000.0,120400000000.0,692080000000.0,94365000000.0,923483000000.0,-111002000000.0,44.67620229778739,39.63322067260742,45.28595733642578,40.77279281616211,25.13858032226562,62.99981689453125,54.22684860229492,-72429510724.0,11476870077
47,MAGDALENA,2018,938356.0,403441.0,1341797.0,13233303483567.734,12530111540560.393,21000000.0,1220748000000.0,310625000000.0,192575000000.0,116277000000.0,1026578000000.0,159513000000.0,159062000000.0,151112000000.0,910123000000.0,197937000000.0,867065000000.0,194170000000.0,45.30833740609037,39.59102630615234,43.81830215454102,43.60773086547852,40.82375717163086,48.25339126586914,55.75581741333008,-7426175733.0,1024738355
47,MAGDALENA,2019,963053.0,421009.0,1384062.0,14147657795101.225,13387866808781.912,75280000000.0,1047373000000.0,332226000000.0,205644000000.0,125928000000.0,1331413000000.0,167225000000.0,166157000000.0,165001000000.0,715147000000.0,22877000000.0,1164188000000.0,-284040000000.0,46.28394199040834,41.54635238647461,42.05043411254883,47.16764450073242,37.66255950927734,47.99084091186523,61.28581619262695,-7426175733.0,1024738355
47,MAGDALENA,2020,992314.0,440378.0,1432692.0,13840792687047.004,13170848513957.014,74280000000.0,1062145000000.0,300166000000.0,187694000000.0,99742000000.0,1061527000000.0,153506000000.0,150924000000.0,146660000000.0,761979000000.0,31235000000.0,908021000000.0,618000000.0,45.85832535402768,40.44646453857422,42.62035751342773,45.88132095336914,39.03634262084961,51.38905715942383,55.77640914916992,-7426175733.0,1024738355
47,MAGDALENA,2021,1012157.0,450966.0,1463123.0,16353260743179.236,15510938365447.82,68716000000.0,1359242000000.0,383940000000.0,232387000000.0,140930000000.0,1040423000000.0,189083000000.0,186905000000.0,194857000000.0,975302000000.0,253640000000.0,851340000000.0,318819000000.0,46.78969040961078,41.92665863037109,42.67403030395508,46.59174346923828,41.94731140136719,50.58566284179688,57.01273727416992,-7426175733.0,1024738355
47,MAGDALENA,2022,1026027.0,459367.0,1485394.0,20057935455851.375,18922006621859.938,63557000000.0,1474048000000.0,452778000000.0,277500000000.0,174341000000.0,1274862000000.0,326021000000.0,320828000000.0,126756000000.0,1021271000000.0,250724000000.0,948841000000.0,199186000000.0,46.76673180479546,42.61906814575195,43.48019027709961,51.52128219604492,38.1181640625,48.39581298828125,56.46586990356445,-7426175733.0,1024738355
47,MAGDALENA,2023,1038527.0,467500.0,1506027.0,21913945364290.445,20741302975772.043,102398000000.0,1658161000000.0,508134000000.0,315338000000.0,191139000000.0,1538352000000.0,248046000000.0,236097000000.0,260088000000.0,1150027000000.0,254598000000.0,1290306000000.0,119809000000.0,48.61048063535316,42.99126052856445,45.7184944152832,56.00761795043945,39.97195434570312,48.99259185791016,57.98096466064453,-7426175733.0,1024738355
47,MAGDALENA,2024,1050665.0,475604.0,1526269.0,24025851734669.69,22793846441803.695,89233000000.0,2046418000000.0,579953000000.0,361342000000.0,217174000000.0,1612277000000.0,239637000000.0,225013000000.0,340316000000.0,1466465000000.0,318407000000.0,1372639000000.0,434141000000.0,49.96529368209308,42.92371368408203,48.82373428344727,59.71334838867188,40.8771858215332,52.60263824462891,54.85114669799805,-7426175733.0,1024738355
50,META,2018,795172.0,244529.0,1039701.0,35330926348960.305,34034810363068.297,272569000000.0,1126180000000.0,288396000000.0,262563000000.0,17514000000.0,1378613000000.0,139575000000.0,124652000000.0,148821000000.0,837785000000.0,383074000000.0,1239039000000.0,-252433000000.0,40.8165314474912,40.98038864135742,42.68432235717773,54.17574310302734,26.64677810668945,24.36612129211426,56.04583358764648,-7295645988.0,3345562732
50,META,2019,810329.0,252026.0,1062355.0,38495853668266.69,37057531305043.41,319862000000.0,1388833000000.0,310634000000.0,292188000000.0,11750000000.0,1106067000000.0,148684000000.0,131562000000.0,161951000000.0,1078199000000.0,465367000000.0,957384000000.0,282766000000.0,42.92452562908772,42.75542831420898,45.94300842285156,51.78303146362305,29.06108283996582,27.23543930053711,60.7691650390625,-7295645988.0,3345562732
50,META,2020,827226.0,259970.0,1087196.0,30525101566745.324,29273482096775.35,300722000000.0,944045000000.0,276932000000.0,256279000000.0,9733000000.0,1381261000000.0,132664000000.0,121819000000.0,144268000000.0,667113000000.0,202229000000.0,1248597000000.0,-437216000000.0,43.34632755175716,42.74005508422852,45.82913589477539,57.74582672119141,33.57855224609375,26.1099910736084,54.07440567016602,-7295645988.0,3345562732
50,META,2021,839518.0,265041.0,1104559.0,40270445239079.305,38743246517886.875,234323000000.0,805010000000.0,332004000000.0,309258000000.0,16453000000.0,764190000000.0,145633000000.0,137253000000.0,186371000000.0,473006000000.0,15941000000.0,618557000000.0,40821000000.0,43.58284997308288,42.40802764892578,46.21260070800781,60.25898742675781,31.79889106750488,26.36335754394531,54.45523834228516,-7295645988.0,3345562732
50,META,2022,848957.0,269392.0,1118349.0,55686020283113.59,53596135103892.734,183907000000.0,1297636000000.0,423719000000.0,343145000000.0,74181000000.0,1528950000000.0,217631000000.0,196123000000.0,206088000000.0,873917000000.0,409797000000.0,1311319000000.0,-231314000000.0,45.08845835488889,43.39876556396484,50.50474166870117,62.95973205566406,32.7127571105957,24.92546844482422,56.02928161621094,-7295645988.0,3345562732
50,META,2023,857479.0,273723.0,1131202.0,53796704928021.96,51563549393819.38,154149000000.0,1697135000000.0,478445000000.0,392754000000.0,83630000000.0,1962932000000.0,926788000000.0,906257000000.0,-448343000000.0,1218689000000.0,693556000000.0,1036143000000.0,-265797000000.0,46.02518263775697,43.56036376953125,51.48447036743164,61.34847640991211,34.84269714355469,25.17718124389648,59.73790740966797,-7295645988.0,3345562732
50,META,2024,866183.0,278103.0,1144286.0,54796742261206.16,52447775367361.89,112728000000.0,1169643000000.0,544008000000.0,440063000000.0,101479000000.0,2364989000000.0,267393000000.0,250890000000.0,276614000000.0,625635000000.0,743000000.0,2097596000000.0,-1195347000000.0,46.68261391533156,43.5467643737793,51.88056564331055,61.64656448364258,38.24806976318359,24.77870941162109,59.99501037597656,-7295645988.0,3345562732
52,NARIÑO,2018,716592.0,914006.0,1630598.0,14834913337482.303,14038448558434.463,4429000000.0,1137831000000.0,257142000000.0,234783000000.0,21352000000.0,1065962000000.0,127182000000.0,126608000000.0,129960000000.0,880689000000.0,127197000000.0,938780000000.0,71869000000.0,42.73967663397125,33.13633728027344,40.3265380859375,45.47675323486328,36.36277770996094,49.80440902709961,51.33124923706055,-7787020496.0,1571094987
52,NARIÑO,2019,723089.0,922619.0,1645708.0,15907400597626.26,15038069165278.549,,1131492000000.0,320446000000.0,216188000000.0,77978000000.0,1118953000000.0,152419000000.0,152371000000.0,168027000000.0,811046000000.0,11988000000.0,966534000000.0,12539000000.0,44.77671263660729,34.06023406982422,39.94429779052734,50.17608261108398,38.57196426391602,51.37107086181641,54.53662872314453,-7787020496.0,1571094987
52,NARIÑO,2020,729725.0,931319.0,1661044.0,15702347173163.633,14937741445587.736,,1147517000000.0,275682000000.0,177188000000.0,57243000000.0,1125576000000.0,123687000000.0,123687000000.0,151995000000.0,871835000000.0,51574000000.0,1001888000000.0,21942000000.0,46.15129316333591,34.13064575195312,41.10821151733398,52.50598526000977,41.73397064208984,54.14326477050781,53.28567886352539,-7787020496.0,1571094987
52,NARIÑO,2021,735373.0,938212.0,1673585.0,18226034695999.914,17260873288389.729,,1263700000000.0,322153000000.0,225865000000.0,95344000000.0,1218045000000.0,130876000000.0,130876000000.0,191276000000.0,941547000000.0,16827000000.0,1087169000000.0,45655000000.0,45.60768221992263,34.12587356567383,40.98639297485352,51.14815902709961,40.78951263427734,54.32067489624023,52.27547836303711,-7787020496.0,1571094987
52,NARIÑO,2022,740268.0,944014.0,1684282.0,21587237522454.92,20273398075799.3,,1358480000000.0,355292000000.0,246456000000.0,104368000000.0,1375305000000.0,146034000000.0,146034000000.0,209258000000.0,1003188000000.0,62156000000.0,1229271000000.0,-16825000000.0,45.85706827120738,34.37751770019531,41.40535736083984,53.46719360351562,41.52010726928711,53.38070297241211,50.99153137207031,-7787020496.0,1571094987
52,NARIÑO,2023,744875.0,949283.0,1694158.0,23455450844723.918,22108862373652.8,,1440134000000.0,380353000000.0,262921000000.0,112401000000.0,1497485000000.0,178678000000.0,178678000000.0,201675000000.0,1059781000000.0,22080000000.0,1318807000000.0,-57351000000.0,46.67454259236171,33.99749755859375,41.73113632202148,56.0014533996582,43.81220626831055,51.66144943237305,52.84350967407227,-7787020496.0,1571094987
52,NARIÑO,2024,749706.0,954677.0,1704383.0,25834937958134.78,24422242369612.53,,1790228000000.0,402969000000.0,278241000000.0,122600000000.0,1648232000000.0,210867000000.0,210867000000.0,192103000000.0,1387259000000.0,55141000000.0,1437366000000.0,141996000000.0,47.03355868221783,34.28908157348633,42.38407897949219,55.74772262573242,45.75500869750977,53.12800979614258,50.89745330810547,-7787020496.0,1571094987
54,NORTE DE SANTANDER,2018,1173733.0,317987.0,1491720.0,15442667542448.35,14536690972461.125,75463000000.0,1009770000000.0,239093000000.0,223066000000.0,13704000000.0,995020000000.0,117286000000.0,113854000000.0,121807000000.0,770677000000.0,176344000000.0,877734000000.0,14750000000.0,41.94674029844273,45.06753540039062,43.91284942626953,55.26056671142578,37.52069091796875,24.98532867431641,44.9334716796875,-72881882969.0,809513751
54,NORTE DE SANTANDER,2019,1217266.0,328076.0,1545342.0,16288625466563.771,15301090525099.646,131165000000.0,995946000000.0,277413000000.0,259992000000.0,16124000000.0,1067093000000.0,131252000000.0,124377000000.0,146160000000.0,718533000000.0,44250000000.0,935841000000.0,-71147000000.0,44.52276496632906,47.61535263061523,44.63174438476562,61.03883743286133,40.34980010986328,28.27733039855957,45.22352600097656,-72881882969.0,809513751
54,NORTE DE SANTANDER,2020,1268401.0,339516.0,1607917.0,15813893302502.898,14943535536728.25,131678000000.0,948536000000.0,261449000000.0,221218000000.0,30660000000.0,989741000000.0,119889000000.0,111822000000.0,141560000000.0,687088000000.0,58138000000.0,869852000000.0,-41205000000.0,44.45192248140224,46.0353889465332,49.11877059936523,61.69596099853516,39.68121719360352,32.28868865966797,37.89151000976562,-72881882969.0,809513751
54,NORTE DE SANTANDER,2021,1293019.0,347251.0,1640270.0,18596479946543.76,17538570628803.562,122284000000.0,1123838000000.0,318270000000.0,273738000000.0,43140000000.0,1462090000000.0,131355000000.0,125075000000.0,186915000000.0,805568000000.0,3203000000.0,1330734000000.0,-338252000000.0,45.98033003196328,46.26612854003906,48.91836929321289,63.93663787841797,39.30486297607422,36.12769317626953,41.32828903198242,-72881882969.0,809513751
54,NORTE DE SANTANDER,2022,1306715.0,353099.0,1659814.0,23326917668603.24,21913043557052.273,204287000000.0,1219852000000.0,356432000000.0,287270000000.0,67425000000.0,1517972000000.0,379238000000.0,368276000000.0,-22806000000.0,863421000000.0,0.0,1138734000000.0,-298119000000.0,48.55747413771828,48.43719863891602,49.37895965576172,67.57108306884766,48.85427093505859,33.50868606567383,43.59464263916016,-72881882969.0,809513751
54,NORTE DE SANTANDER,2023,1319330.0,358728.0,1678058.0,25300805061019.3,23799823868774.06,233134000000.0,1264450000000.0,475946000000.0,359782000000.0,114018000000.0,1688857000000.0,410855000000.0,381871000000.0,65091000000.0,788505000000.0,0.0,1278002000000.0,-424407000000.0,49.63796713367169,48.25156402587891,49.33878326416016,68.05342102050781,49.79924011230469,35.71432495117188,46.67047119140625,-72881882969.0,809513751
54,NORTE DE SANTANDER,2024,1330718.0,364252.0,1694970.0,27388678215350.73,25808298624928.863,209953000000.0,1494514000000.0,508858000000.0,411676000000.0,94670000000.0,1930931000000.0,597712000000.0,570105000000.0,-88854000000.0,985656000000.0,0.0,1333219000000.0,-436417000000.0,50.25950328429586,48.26451110839844,49.17010498046875,70.3182373046875,49.50321960449219,37.11777877807617,47.18316650390625,-72881882969.0,809513751
63,QUINDÍO,2018,471926.0,67992.0,539918.0,7950511940845.778,7475472073744.674,35155000000.0,332983000000.0,146685000000.0,118908000000.0,23933000000.0,335742000000.0,81222000000.0,78959000000.0,65463000000.0,186298000000.0,18996000000.0,254520000000.0,-2759000000.0,52.50110286378075,46.17190551757812,50.29895782470703,70.2230453491211,67.04656219482422,20.4792423248291,60.78689956665039,-75689628528.0,4455241567
63,QUINDÍO,2019,475871.0,68238.0,544109.0,8532656269314.704,8019000873624.552,39749000000.0,353825000000.0,154504000000.0,118265000000.0,34694000000.0,367802000000.0,87711000000.0,85656000000.0,66793000000.0,199320000000.0,72000000.0,280091000000.0,-13977000000.0,52.13955556543365,46.49651336669922,44.24143218994141,73.4871597290039,68.96894073486328,22.03276634216309,57.61051559448242,-75689628528.0,4455241567
63,QUINDÍO,2020,480109.0,68550.0,548659.0,8274921119768.707,7822106870770.794,33968000000.0,352724000000.0,139494000000.0,112570000000.0,23354000000.0,339922000000.0,89715000000.0,88851000000.0,49778000000.0,213230000000.0,13887000000.0,250207000000.0,12802000000.0,53.51619554949432,46.52712631225586,44.68441772460938,73.63337707519531,73.42779541015625,23.14809989929199,59.67635726928711,-75689628528.0,4455241567
63,QUINDÍO,2021,483378.0,69193.0,552571.0,9865227652304.057,9292473960148.473,26764000000.0,405479000000.0,182549000000.0,139839000000.0,40306000000.0,381040000000.0,96183000000.0,93527000000.0,86367000000.0,222930000000.0,4883000000.0,284857000000.0,24440000000.0,54.56302098233311,47.03677368164062,51.80850601196289,75.28707122802734,74.0074462890625,22.22575187683105,57.01258087158203,-75689628528.0,4455241567
63,QUINDÍO,2022,484980.0,69601.0,554581.0,12137101493575.209,11370133047513.594,17736000000.0,431972000000.0,193296000000.0,138153000000.0,53918000000.0,341187000000.0,90047000000.0,88052000000.0,103249000000.0,238676000000.0,2173000000.0,251140000000.0,90785000000.0,55.5742979680991,47.39491271972656,51.37932968139648,76.82489013671875,73.96097564697266,23.15715408325195,60.72852325439453,-75689628528.0,4455241567
63,QUINDÍO,2023,485246.0,69874.0,555120.0,13317040570316.402,12514570944301.105,29877000000.0,476292000000.0,245156000000.0,174489000000.0,63919000000.0,536642000000.0,122409000000.0,119545000000.0,122747000000.0,231137000000.0,99000000.0,414233000000.0,-60349000000.0,57.3688242944308,47.47573089599609,54.8990364074707,80.34718322753906,75.75157928466797,28.09772300720215,57.64169692993164,-75689628528.0,4455241567
63,QUINDÍO,2024,486593.0,70287.0,556880.0,14586944459146.682,13744989188654.924,37167000000.0,571220000000.0,262697000000.0,182889000000.0,70655000000.0,605202000000.0,137384000000.0,132603000000.0,125313000000.0,308523000000.0,625000000.0,467818000000.0,-33981000000.0,58.9158531710321,47.53922653198242,56.64766311645508,84.26658630371094,76.38088989257812,32.37319946289062,56.28754806518555,-75689628528.0,4455241567
66,RISARALDA,2018,736147.0,207246.0,943393.0,15876729648894.344,14423134344462.03,20680640000000.0,448783000000.0,200464000000.0,157932000000.0,40797000000.0,464106000000.0,112936000000.0,111279000000.0,87527000000.0,248319000000.0,16020000000.0,351169000000.0,-15323000000.0,51.51273619468798,49.8579216003418,50.17715072631836,62.60210037231445,57.78736114501953,27.83463287353516,60.8172492980957,-76002444694.0,5240757239
66,RISARALDA,2019,749277.0,206935.0,956212.0,17078041375727.91,15468916556409.826,41061000000.0,502073000000.0,237283000000.0,173846000000.0,63136000000.0,530441000000.0,88709000000.0,87508000000.0,148574000000.0,264790000000.0,31988000000.0,441732000000.0,-28367000000.0,54.36167887449147,50.57962417602539,52.89908599853516,65.57172393798828,60.25409698486328,36.38090133666992,60.48463821411133,-76002444694.0,5240757239
66,RISARALDA,2020,763034.0,206767.0,969801.0,16410227771874.977,15025630258317.158,40949000000.0,565042000000.0,231795000000.0,172935000000.0,53172000000.0,599645000000.0,119745000000.0,117583000000.0,112050000000.0,333247000000.0,76711000000.0,479900000000.0,-34604000000.0,57.37361377097537,48.5258903503418,53.65098190307617,67.46598815917969,69.11479949951172,44.43110656738281,61.05292129516602,-76002444694.0,5240757239
66,RISARALDA,2021,773035.0,206948.0,979983.0,19404903798867.004,17683077596934.0,21991000000.0,656318000000.0,292778000000.0,209805000000.0,82658000000.0,577668000000.0,100294000000.0,98936000000.0,192484000000.0,363540000000.0,73758000000.0,477374000000.0,78650000000.0,58.99727692292133,50.35380172729492,56.93984603881836,69.75762939453125,73.1846923828125,46.93368530273438,56.81401062011719,-76002444694.0,5240757239
66,RISARALDA,2022,780476.0,206520.0,986996.0,23879672720459.246,21533259236302.32,16988000000.0,898905000000.0,349896000000.0,242057000000.0,107499000000.0,699497000000.0,98057000000.0,96436000000.0,251839000000.0,549010000000.0,38506000000.0,601440000000.0,199408000000.0,60.10611472927918,51.60036087036133,63.29753494262695,71.056884765625,73.4525375366211,44.66122055053711,56.56815338134766,-76002444694.0,5240757239
66,RISARALDA,2023,785873.0,205465.0,991338.0,26404083424074.125,23951117169061.816,51759000000.0,752788000000.0,384684000000.0,266482000000.0,117822000000.0,798924000000.0,141224000000.0,139098000000.0,243460000000.0,368105000000.0,790000000.0,657701000000.0,-46136000000.0,60.46869689948217,52.27328491210938,62.33263778686523,73.9935302734375,73.70957946777344,41.52904510498047,58.97410202026367,-76002444694.0,5240757239
66,RISARALDA,2024,793086.0,204844.0,997930.0,28675314647443.457,26095647666078.355,48125000000.0,787340000000.0,416624000000.0,284209000000.0,131837000000.0,871015000000.0,133792000000.0,127062000000.0,282832000000.0,370716000000.0,8930000000.0,737223000000.0,-83675000000.0,59.40021581528985,52.77177810668945,62.2631950378418,66.23596954345703,75.35494995117188,40.52177047729492,59.25363159179688,-76002444694.0,5240757239
68,SANTANDER,2018,1656425.0,527707.0,2184132.0,63776078291658.89,53390562579979.79,311652000000.0,1543319000000.0,597156000000.0,537950000000.0,49615000000.0,1540106000000.0,385957000000.0,372280000000.0,211199000000.0,946163000000.0,202522000000.0,1154149000000.0,3213000000.0,53.06909049586567,48.07182693481445,48.43841171264648,70.36321258544922,51.45474624633789,43.54092788696289,56.54541778564453,-73486008938.0,6693633184
68,SANTANDER,2019,1695678.0,536606.0,2232284.0,69123525366502.44,57797345979817.49,330632000000.0,1485709000000.0,662484000000.0,591333000000.0,46362000000.0,1898938000000.0,403306000000.0,388305000000.0,259178000000.0,823225000000.0,0.0,1495632000000.0,-413229000000.0,55.55601238808065,49.70349502563477,54.1952018737793,71.87084197998047,51.84317398071289,44.73973846435547,60.98361968994141,-73486008938.0,6693633184
68,SANTANDER,2020,1739812.0,547994.0,2287806.0,61639028707994.9,51723295728122.59,318722000000.0,1324654000000.0,527661000000.0,483273000000.0,33650000000.0,1421264000000.0,351782000000.0,345363000000.0,175879000000.0,796993000000.0,0.0,1069481000000.0,-96609000000.0,56.8553092820725,47.9198112487793,59.77630615234375,72.63911437988281,57.45592880249023,46.07552337646484,57.26517486572266,-73486008938.0,6693633184
68,SANTANDER,2021,1767350.0,552208.0,2319558.0,75156695804368.81,62658372774657.15,286747000000.0,1688678000000.0,644117000000.0,595735000000.0,45534000000.0,1977293000000.0,340631000000.0,320172000000.0,303485000000.0,1044561000000.0,44077000000.0,1636662000000.0,-288615000000.0,59.32053760625386,50.00965118408203,59.22716522216797,74.61971282958984,60.90848159790039,49.53351974487305,61.62469482421875,-73486008938.0,6693633184
68,SANTANDER,2022,1787312.0,553746.0,2341058.0,93020474532093.5,76994559378541.4,329000000000.0,2125897000000.0,785180000000.0,711150000000.0,73389000000.0,2120227000000.0,417203000000.0,394217000000.0,367976000000.0,1340717000000.0,396214000000.0,1703023000000.0,5671000000.0,59.0830690802882,50.41654205322266,59.51195907592773,75.92959594726562,62.0591926574707,48.25038528442383,58.33074188232422,-73486008938.0,6693633184
68,SANTANDER,2023,1805825.0,554742.0,2360567.0,101446009426266.1,84729724128082.28,329000000000.0,2276935000000.0,851052000000.0,758863000000.0,89511000000.0,2255599000000.0,500225000000.0,453783000000.0,350827000000.0,1425883000000.0,396214000000.0,1755374000000.0,21336000000.0,60.02268009225674,50.74106597900391,59.67395401000977,76.22244262695312,63.38919830322266,49.98293304443359,60.12648391723633,-73486008938.0,6693633184
68,SANTANDER,2024,1825113.0,555537.0,2380650.0,109532220884710.27,91933622577321.88,324674000000.0,2755440000000.0,894738000000.0,790654000000.0,99970000000.0,2645818000000.0,538425000000.0,488029000000.0,356313000000.0,1860702000000.0,586645000000.0,2107393000000.0,109621000000.0,60.0005363056487,50.70120620727539,60.09833908081055,77.29402160644531,63.80186462402344,49.08119964599609,59.02658462524414,-73486008938.0,6693633184
70,SUCRE,2018,569076.0,335774.0,904850.0,8122917706159.184,7655490579172.338,,605833000000.0,104022000000.0,99350000000.0,4013000000.0,594544000000.0,57315000000.0,57315000000.0,46707000000.0,501811000000.0,69296000000.0,537229000000.0,11290000000.0,45.65082941042808,34.80244827270508,45.28962326049805,54.00748062133789,30.37522315979004,53.94657897949219,55.48362350463867,-75109817552.0,9064941448
70,SUCRE,2019,583260.0,345102.0,928362.0,8696662719700.864,8191232546731.459,,734944000000.0,124086000000.0,118236000000.0,5203000000.0,751199000000.0,60787000000.0,60787000000.0,63299000000.0,610858000000.0,55163000000.0,690412000000.0,-16256000000.0,46.00083243337674,35.26018142700195,42.98047256469727,55.41336441040039,32.2326545715332,56.7686882019043,53.34963226318359,-75109817552.0,9064941448
70,SUCRE,2020,598607.0,355047.0,953654.0,8457481891883.615,8009432961470.467,,796101000000.0,105145000000.0,100951000000.0,3461000000.0,927943000000.0,57838000000.0,57838000000.0,47306000000.0,690956000000.0,13885000000.0,870104000000.0,-131842000000.0,46.09691258986827,35.31452941894531,44.74382400512695,53.97920227050781,34.14578628540039,56.86578369140625,51.5323486328125,-75109817552.0,9064941448
70,SUCRE,2021,610941.0,361763.0,972704.0,9794039266623.008,9238798167562.307,,783196000000.0,151434000000.0,141086000000.0,6957000000.0,837039000000.0,65511000000.0,65511000000.0,85922000000.0,631762000000.0,15528000000.0,771527000000.0,-53843000000.0,47.54304087277609,35.60708236694336,45.84204483032227,58.96840286254883,33.19382858276367,58.25737380981445,53.3895149230957,-75109817552.0,9064941448
70,SUCRE,2022,621420.0,367362.0,988782.0,11524437988192.352,10777720709159.51,29680000000.0,839376000000.0,202983000000.0,179741000000.0,22125000000.0,933960000000.0,81205000000.0,80216000000.0,121778000000.0,636393000000.0,2971000000.0,852755000000.0,-94584000000.0,46.6850892132517,36.25936126708984,47.61814880371094,56.68400955200195,31.05194854736328,52.98477554321289,55.51229095458984,-75109817552.0,9064941448
70,SUCRE,2023,631468.0,372708.0,1004176.0,12704591275413.05,11929178985494.02,59421000000.0,877908000000.0,220152000000.0,193730000000.0,25297000000.0,1096382000000.0,95335000000.0,90971000000.0,124817000000.0,657755000000.0,3811000000.0,1001047000000.0,-218474000000.0,47.83619099074811,36.34808349609375,51.12744140625,58.73972702026367,29.31040573120117,55.59215545654297,55.89933013916016,-75109817552.0,9064941448
70,SUCRE,2024,641522.0,378053.0,1019575.0,13769537650597.223,12955500069761.322,79118000000.0,1183983000000.0,214812000000.0,189689000000.0,23896000000.0,1432598000000.0,108738000000.0,100604000000.0,106074000000.0,969172000000.0,62319000000.0,1323860000000.0,-248615000000.0,48.63233316248427,36.2846565246582,52.50965881347656,59.53484725952148,30.97475814819336,57.81097412109375,54.67910385131836,-75109817552.0,9064941448
73,TOLIMA,2018,907504.0,422680.0,1330184.0,21002251550227.562,19449989571753.23,47319000000.0,1124209000000.0,269260000000.0,217316000000.0,48290000000.0,1030150000000.0,176176000000.0,170863000000.0,93084000000.0,854949000000.0,170737000000.0,853975000000.0,94059000000.0,44.06522733279571,41.33746337890625,40.14244842529297,59.00037002563477,40.99394607543945,29.64834403991699,53.26879501342773,-75255827095.0,403477252
73,TOLIMA,2019,914414.0,426724.0,1341138.0,22526051955292.9,20846266124402.777,27712000000.0,990086000000.0,306909000000.0,241602000000.0,62092000000.0,1053654000000.0,184339000000.0,183353000000.0,122570000000.0,683176000000.0,0.0,869315000000.0,-63568000000.0,46.16332724817279,42.418212890625,43.64392471313477,60.00711822509766,43.77435684204102,33.5166130065918,53.61973190307617,-75255827095.0,403477252
73,TOLIMA,2020,921716.0,431057.0,1352773.0,21417451681531.625,19940032732118.527,8962000000.0,1215670000000.0,264549000000.0,209407000000.0,48951000000.0,1121700000000.0,169161000000.0,165887000000.0,95388000000.0,951121000000.0,124631000000.0,952539000000.0,93970000000.0,47.07064714566243,42.64273452758789,43.72653961181641,58.97305297851562,51.44401931762695,32.7619514465332,52.87557983398438,-75255827095.0,403477252
73,TOLIMA,2021,929119.0,432628.0,1361747.0,25149255410419.0,23367039885040.223,12945000000.0,1250113000000.0,345100000000.0,265402000000.0,71410000000.0,1350001000000.0,166047000000.0,165828000000.0,179052000000.0,905014000000.0,35499000000.0,1183954000000.0,-99888000000.0,47.17167277702757,44.57707214355469,44.15690612792969,58.93749237060547,51.5740966796875,31.37810897827148,52.40635681152344,-75255827095.0,403477252
73,TOLIMA,2022,934698.0,433647.0,1368345.0,30964535538693.95,28561254922676.637,77120000000.0,1367315000000.0,432780000000.0,304529000000.0,110845000000.0,1555590000000.0,189633000000.0,187703000000.0,243147000000.0,934535000000.0,105531000000.0,1365956000000.0,-188274000000.0,48.01786462908599,42.66804885864258,47.40478134155273,64.6302719116211,52.28123092651367,29.72197532653809,51.40088272094727,-75255827095.0,403477252
73,TOLIMA,2023,939207.0,434351.0,1373558.0,33735231964163.918,31228497447927.59,150632000000.0,1427846000000.0,449398000000.0,323801000000.0,109464000000.0,1597904000000.0,288878000000.0,277855000000.0,160520000000.0,978449000000.0,29331000000.0,1309027000000.0,-170058000000.0,49.214494653977,42.90909194946289,49.05808639526367,66.5885009765625,54.53228378295898,29.79014778137207,52.40885543823242,-75255827095.0,403477252
73,TOLIMA,2024,944728.0,435716.0,1380444.0,37045677004192.87,34412641344835.08,168635000000.0,1628389000000.0,467997000000.0,339428000000.0,120174000000.0,1714959000000.0,289615000000.0,273100000000.0,178381000000.0,1160393000000.0,94513000000.0,1425343000000.0,-86570000000.0,49.50765097912506,43.20711517333984,48.67313766479492,64.52040100097656,57.96310806274414,31.53398895263672,51.14815902709961,-75255827095.0,403477252
76,VALLE DEL CAUCA,2018,3809546.0,666327.0,4475873.0,95893692967633.56,86377115895382.39,177872000000.0,2104602000000.0,1110189000000.0,951026000000.0,156409000000.0,2103174000000.0,438286000000.0,430380000000.0,671903000000.0,994414000000.0,96511000000.0,1664888000000.0,1429000000.0,52.21833252285241,60.64434051513672,51.48828506469727,65.91563415527344,56.94554901123047,15.38419628143311,62.93199157714844,-7662850427.0,3569858693
76,VALLE DEL CAUCA,2019,3857650.0,676281.0,4533931.0,103173463410210.25,92622103267658.28,287348000000.0,2331824000000.0,1267207000000.0,1096202000000.0,167633000000.0,2410194000000.0,503564000000.0,488057000000.0,763643000000.0,1064617000000.0,46519000000.0,1906630000000.0,-78370000000.0,53.08763532130022,63.02307510375977,53.66089248657227,60.18998336791992,59.60426330566406,16.75290679931641,65.29469299316406,-7662850427.0,3569858693
76,VALLE DEL CAUCA,2020,3911218.0,687100.0,4598318.0,100115423547890.39,90924351931862.61,320069000000.0,2384810000000.0,1200166000000.0,1032314000000.0,164694000000.0,2264506000000.0,420119000000.0,407591000000.0,780047000000.0,1184643000000.0,8382000000.0,1844387000000.0,120304000000.0,55.29195535880688,61.2248420715332,54.29520034790039,68.95655822753906,62.24611663818359,18.87812995910645,66.15088653564453,-7662850427.0,3569858693
76,VALLE DEL CAUCA,2021,3942663.0,693838.0,4636501.0,116549467481259.55,105001889973413.47,389019000000.0,2428679000000.0,1395422000000.0,1188202000000.0,198857000000.0,2468145000000.0,472439000000.0,452175000000.0,922983000000.0,1033258000000.0,50633000000.0,1995706000000.0,-39466000000.0,57.1381975362743,67.14415740966797,50.32752227783203,73.11473083496094,64.92517852783203,22.99983406066895,64.31776428222656,-7662850427.0,3569858693
76,VALLE DEL CAUCA,2022,3960498.0,698313.0,4658811.0,140858303748421.44,125268794166467.95,506618000000.0,2587298000000.0,1612293000000.0,1120858000000.0,484888000000.0,2747186000000.0,517405000000.0,479457000000.0,1094888000000.0,975006000000.0,58202000000.0,2229781000000.0,-159887000000.0,56.14972623223003,63.89569854736328,50.7031364440918,73.90909576416016,64.6214828491211,20.78263473510742,62.98630142211914,-7662850427.0,3569858693
76,VALLE DEL CAUCA,2023,3971894.0,701501.0,4673395.0,153563858347847.2,137613776027003.77,737672000000.0,3058735000000.0,1799060000000.0,1255262000000.0,536533000000.0,3514824000000.0,653358000000.0,569891000000.0,1145702000000.0,1259675000000.0,130878000000.0,2861466000000.0,-456089000000.0,57.67594922333858,64.1070556640625,56.0596809387207,75.97265625,64.86846923828125,21.1470947265625,63.90073013305664,-7662850427.0,3569858693
76,VALLE DEL CAUCA,2024,3987925.0,705507.0,4693432.0,166348685959658.22,149525158481156.88,898972000000.0,3207640000000.0,1898685000000.0,1352481000000.0,536270000000.0,3344733000000.0,734440000000.0,629502000000.0,1164245000000.0,1308956000000.0,72035000000.0,2610294000000.0,-137093000000.0,56.70961177684685,64.15595245361328,53.32191467285156,73.20958709716797,65.6662368774414,22.10403442382812,61.79994583129883,-7662850427.0,3569858693
81,ARAUCA,2018,172646.0,89531.0,262177.0,5091156096412.452,4959356387443.8,,568070000000.0,72928000000.0,48269000000.0,998000000.0,597363000000.0,99566000000.0,99566000000.0,-26638000000.0,495142000000.0,209169000000.0,497797000000.0,-29293000000.0,36.85963828671731,28.70643043518066,34.66733169555664,56.16264724731445,25.9177417755127,21.82583236694336,53.87784576416016,-70967323937.0,6569577215
81,ARAUCA,2019,174562.0,91469.0,266031.0,5618911810735.286,5471908203902.013,,530632000000.0,82131000000.0,59142000000.0,1948000000.0,632321000000.0,45316000000.0,45316000000.0,36815000000.0,448501000000.0,184666000000.0,587005000000.0,-101689000000.0,37.52590577376995,29.7419490814209,34.57164001464844,58.35437393188477,25.84965324401855,23.53793716430664,53.09988403320312,-70967323937.0,6569577215
81,ARAUCA,2020,176896.0,93599.0,270495.0,5129916244952.297,4996890333382.323,,356602000000.0,74732000000.0,49878000000.0,1325000000.0,399391000000.0,64861000000.0,64861000000.0,9871000000.0,281870000000.0,29016000000.0,334531000000.0,-42789000000.0,37.98452804500266,29.70614814758301,34.80241394042969,54.1323127746582,26.32866859436035,26.00998115539551,56.92764663696289,-70967323937.0,6569577215
81,ARAUCA,2021,178277.0,94860.0,273137.0,6682496078423.872,6520154215282.466,,368988000000.0,87867000000.0,57534000000.0,5152000000.0,452106000000.0,50098000000.0,50098000000.0,37770000000.0,281121000000.0,8500000000.0,402009000000.0,-83119000000.0,37.71579042430777,30.29083824157715,38.32013702392578,48.04676818847656,24.61273002624512,30.56417655944824,54.4600944519043,-70967323937.0,6569577215
81,ARAUCA,2022,178986.0,95820.0,274806.0,8911394201646.895,8704594703897.47,,418541000000.0,72823000000.0,43861000000.0,6798000000.0,473170000000.0,47329000000.0,47329000000.0,25494000000.0,345718000000.0,92366000000.0,425840000000.0,-54628000000.0,39.91609986881927,30.41454696655273,38.41884231567383,51.43310546875,26.53695487976074,35.62366104125977,57.06948852539062,-70967323937.0,6569577215
81,ARAUCA,2023,179537.0,96703.0,276240.0,8743026131871.26,8529008418100.293,,406909000000.0,89284000000.0,49514000000.0,8792000000.0,384939000000.0,51679000000.0,51679000000.0,37605000000.0,317625000000.0,36850000000.0,333260000000.0,21970000000.0,41.49987076492884,30.62446403503418,41.56824111938477,52.75329971313477,31.00937843322754,38.62147521972656,54.42236709594727,-70967323937.0,6569577215
81,ARAUCA,2024,180186.0,97697.0,277883.0,9209354822332.434,8984697829651.398,,517050000000.0,93143000000.0,46531000000.0,7339000000.0,515204000000.0,54170000000.0,54170000000.0,38973000000.0,423907000000.0,46161000000.0,461034000000.0,1846000000.0,42.5712192654523,31.28890228271484,43.58492660522461,50.98194122314453,32.52395629882812,41.16727066040039,55.88031768798828,-70967323937.0,6569577215
85,CASANARE,2018,295439.0,125072.0,420511.0,15507121773227.572,14972492256323.586,49404000000.0,430235000000.0,127848000000.0,100759000000.0,5228000000.0,646125000000.0,66675000000.0,63243000000.0,61173000000.0,302386000000.0,46371000000.0,579450000000.0,-215890000000.0,40.48201490089147,37.4535026550293,45.40968322753906,53.28331756591797,24.75369262695312,31.40284538269043,50.58904266357422,-71601880726.0,5404064237
85,CASANARE,2019,304338.0,126211.0,430549.0,16464684387055.95,15867426103580.236,,568206000000.0,144264000000.0,118591000000.0,5157000000.0,957922000000.0,68405000000.0,66925000000.0,75859000000.0,423942000000.0,166917000000.0,889517000000.0,-389716000000.0,42.70615581106618,39.7905387878418,47.27695465087891,56.72658157348633,26.50987434387207,28.36351203918457,57.5694694519043,-71601880726.0,5404064237
85,CASANARE,2020,313868.0,127642.0,441510.0,12620253399259.598,12105162447722.54,,523349000000.0,125862000000.0,99920000000.0,3336000000.0,434090000000.0,66931000000.0,66931000000.0,58932000000.0,397486000000.0,137657000000.0,367160000000.0,89258000000.0,43.9245040779624,39.89818954467773,46.74921417236328,59.09914779663086,29.25876808166504,29.88371276855469,58.65798950195312,-71601880726.0,5404064237
85,CASANARE,2021,320674.0,128704.0,449378.0,16935308891496.043,16274715844149.984,,607010000000.0,135811000000.0,104427000000.0,8661000000.0,694328000000.0,79760000000.0,79760000000.0,56051000000.0,471199000000.0,203709000000.0,614568000000.0,-87318000000.0,44.18505759074058,41.32561111450195,45.48252487182617,60.34013748168945,29.90772438049316,29.9408016204834,58.11354827880859,-71601880726.0,5404064237
85,CASANARE,2022,326367.0,129248.0,455615.0,23122323701772.027,22260183397645.79,,542977000000.0,187600000000.0,135227000000.0,29152000000.0,962924000000.0,84380000000.0,84380000000.0,103221000000.0,355377000000.0,86750000000.0,878544000000.0,-419947000000.0,46.36066894774939,40.48930740356445,46.24537658691406,66.90409851074219,37.10136032104492,31.94009590148926,55.48377990722656,-71601880726.0,5404064237
85,CASANARE,2023,331846.0,129616.0,461462.0,23082344018465.535,22181106977575.19,,1150596000000.0,240786000000.0,158428000000.0,50541000000.0,1202153000000.0,105580000000.0,105580000000.0,135206000000.0,909810000000.0,597518000000.0,1096573000000.0,-51557000000.0,47.65457077644785,40.7308235168457,47.38010406494141,66.28939056396484,38.47379684448242,31.94198608398438,61.11132049560547,-71601880726.0,5404064237
85,CASANARE,2024,337512.0,130053.0,467565.0,23585589000978.14,22637829475377.355,,1353600000000.0,231171000000.0,156752000000.0,33766000000.0,1691673000000.0,106308000000.0,106308000000.0,124863000000.0,1122428000000.0,692973000000.0,1585365000000.0,-338073000000.0,48.45702442196024,41.0067024230957,47.33920288085938,70.75238037109375,39.93280410766602,32.70378875732422,59.00726318359375,-71601880726.0,5404064237
86,PUTUMAYO,2018,174715.0,173452.0,348167.0,4033384825598.727,3897124875626.4097,,516968000000.0,67517000000.0,34026000000.0,12065000000.0,449129000000.0,51537000000.0,51537000000.0,15980000000.0,449451000000.0,133820000000.0,397592000000.0,67840000000.0,35.43459117066732,27.85496711730957,32.85240936279297,41.72594833374023,22.07829666137695,40.65359115600586,47.44233703613281,-75514061833.0,"0,3673031"
86,PUTUMAYO,2019,178468.0,176649.0,355117.0,4048877168366.7393,3898281475655.6772,,523198000000.0,74340000000.0,43140000000.0,11262000000.0,547541000000.0,57171000000.0,57171000000.0,17169000000.0,448857000000.0,96503000000.0,490369000000.0,-24343000000.0,37.1513565057877,30.03116989135742,33.6266975402832,44.57134246826172,23.25754165649414,45.63774108886719,45.78364944458008,-75514061833.0,"0,3673031"
86,PUTUMAYO,2020,182367.0,179795.0,362162.0,3360562464365.1523,3226035850293.072,,524713000000.0,85419000000.0,43046000000.0,12072000000.0,530792000000.0,52536000000.0,52536000000.0,32882000000.0,439294000000.0,68531000000.0,478256000000.0,-6079000000.0,38.91207883851249,29.8797779083252,35.23226547241211,45.71586990356445,23.0478630065918,50.82409286499023,48.77260208129883,-75514061833.0,"0,3673031"
86,PUTUMAYO,2021,186224.0,182199.0,368423.0,4278981351540.0054,4114719352037.2803,,524835000000.0,93482000000.0,47514000000.0,19524000000.0,489377000000.0,58272000000.0,58272000000.0,35210000000.0,431353000000.0,46398000000.0,431105000000.0,35458000000.0,38.18869342549417,30.27380180358887,32.66605758666992,49.04404067993164,19.9383716583252,50.98807525634766,46.22181701660156,-75514061833.0,"0,3673031"
86,PUTUMAYO,2022,189953.0,184407.0,374360.0,5683421964938.756,5466630424464.054,,465999000000.0,96830000000.0,53482000000.0,21122000000.0,510043000000.0,66166000000.0,66166000000.0,30664000000.0,369169000000.0,0.0,443877000000.0,-44045000000.0,37.82603075524705,30.2220573425293,34.35556030273438,49.68254089355469,18.29195594787598,47.18170166015625,47.22236633300781,-75514061833.0,"0,3673031"
86,PUTUMAYO,2023,193519.0,186402.0,379921.0,5833510243993.28,5602133688747.157,4860000000.0,532641000000.0,117813000000.0,59075000000.0,28025000000.0,572801000000.0,76014000000.0,75257000000.0,41799000000.0,414828000000.0,0.0,496786000000.0,-40159000000.0,39.58902685446544,30.42953300476074,33.39093017578125,52.04752731323242,22.13706207275391,47.51699447631836,52.01211547851562,-75514061833.0,"0,3673031"
86,PUTUMAYO,2024,197050.0,188350.0,385400.0,6091238784725.085,5848845815369.389,4320000000.0,670137000000.0,129625000000.0,56749000000.0,33670000000.0,667824000000.0,86840000000.0,86135000000.0,42785000000.0,540512000000.0,0.0,580984000000.0,2313000000.0,41.26287909067166,30.26300621032715,32.48022079467773,58.72856903076172,24.98871231079102,49.32597732543945,51.79079437255859,-75514061833.0,"0,3673031"
88,"ARCHIPIÉLAGO DE SAN ANDRÉS, PROVIDENCIA Y SANTA CATALINA",2018,44900.0,16384.0,61284.0,1531114062208.6187,1411107639720.7732,,384952000000.0,261842000000.0,48389000000.0,110092000000.0,318778000000.0,146408000000.0,146408000000.0,115434000000.0,123111000000.0,38820000000.0,172370000000.0,66174000000.0,36.37689284433685,40.17605209350586,30.25201416015625,52.14474487304688,27.09080696105957,6.26731538772583,62.33042144775391,-81717623824.0,12543115116
88,"ARCHIPIÉLAGO DE SAN ANDRÉS, PROVIDENCIA Y SANTA CATALINA",2019,45050.0,16629.0,61679.0,1639462054013.009,1510360800724.486,,426390000000.0,305114000000.0,57774000000.0,112200000000.0,387696000000.0,157407000000.0,157407000000.0,147707000000.0,121276000000.0,0.0,230289000000.0,38694000000.0,37.40995527441227,40.46285629272461,32.24535751342773,53.933349609375,24.64544868469238,4.531692504882812,68.64102935791016,-81717623824.0,12543115116
88,"ARCHIPIÉLAGO DE SAN ANDRÉS, PROVIDENCIA Y SANTA CATALINA",2020,45276.0,16851.0,62127.0,1350229006377.1418,1236266165461.886,,385314000000.0,188497000000.0,41380000000.0,43587000000.0,342609000000.0,152423000000.0,152423000000.0,36074000000.0,196816000000.0,49897000000.0,190186000000.0,42704000000.0,33.38895046132896,38.04534530639648,19.15486907958984,51.31693267822266,28.44086074829102,3.253091335296631,60.12260055541992,-81717623824.0,12543115116
88,"ARCHIPIÉLAGO DE SAN ANDRÉS, PROVIDENCIA Y SANTA CATALINA",2021,45757.0,16816.0,62573.0,1701135299994.258,1563432329862.0176,,504215000000.0,308084000000.0,49906000000.0,138996000000.0,388839000000.0,189289000000.0,189289000000.0,118795000000.0,196130000000.0,5652000000.0,199549000000.0,115376000000.0,39.8020543234022,41.02235412597656,24.76971817016602,62.35506439208984,29.53536796569824,14.95753002166748,66.17229461669922,-81717623824.0,12543115116
88,"ARCHIPIÉLAGO DE SAN ANDRÉS, PROVIDENCIA Y SANTA CATALINA",2022,46123.0,16678.0,62801.0,2113062403251.0742,1928774798556.3867,,463777000000.0,236180000000.0,60645000000.0,164407000000.0,587761000000.0,235833000000.0,235833000000.0,347000000.0,227597000000.0,0.0,351927000000.0,-123983000000.0,41.4656301567726,41.44874954223633,25.35549736022949,60.66263198852539,47.46117401123047,15.14820957183838,58.7175178527832,-81717623824.0,12543115116
88,"ARCHIPIÉLAGO DE SAN ANDRÉS, PROVIDENCIA Y SANTA CATALINA",2023,46466.0,16541.0,63007.0,2285649865430.9263,2094337389675.8948,,471557000000.0,222984000000.0,60685000000.0,102286000000.0,513813000000.0,241178000000.0,241178000000.0,-18194000000.0,248573000000.0,0.0,272635000000.0,-42256000000.0,42.76504002858123,41.78605651855469,14.86016750335693,62.20677947998047,54.72209930419922,15.99592304229736,67.01921081542969,-81717623824.0,12543115116
88,"ARCHIPIÉLAGO DE SAN ANDRÉS, PROVIDENCIA Y SANTA CATALINA",2024,46853.0,16397.0,63250.0,2454453869357.17,2254461926490.131,,555113000000.0,269913000000.0,64178000000.0,140909000000.0,537305000000.0,241158000000.0,241158000000.0,28755000000.0,285200000000.0,1552000000.0,296147000000.0,17808000000.0,42.93446826636845,41.78081893920898,5.754544734954834,66.88063049316406,56.48638153076172,20.99091148376465,65.71353149414062,-81717623824.0,12543115116
91,AMAZONAS,2018,37117.0,39456.0,76573.0,759181610151.2736,722904403882.3553,,187924000000.0,36756000000.0,13324000000.0,3828000000.0,168896000000.0,24852000000.0,24852000000.0,11903000000.0,151168000000.0,41463000000.0,144044000000.0,19028000000.0,40.94980052554429,23.77504920959473,34.78409576416016,32.28206634521484,34.11886596679688,55.72014236450195,65.01858520507812,-71502128578.0,-154622768
91,AMAZONAS,2019,37915.0,40150.0,78065.0,808177815179.5215,768628295708.6984,19594000000.0,176339000000.0,41231000000.0,16929000000.0,1068000000.0,200196000000.0,25895000000.0,25553000000.0,15336000000.0,135108000000.0,18184000000.0,174301000000.0,-23857000000.0,40.48261511052493,23.64285850524902,26.52489852905273,34.61466979980469,32.91703414916992,55.60205078125,69.59417724609375,-71502128578.0,-154622768
91,AMAZONAS,2020,38781.0,40802.0,79583.0,776893244441.762,740373405377.9231,,174103000000.0,39577000000.0,12915000000.0,1318000000.0,186124000000.0,24956000000.0,24956000000.0,14621000000.0,134526000000.0,94000000.0,161168000000.0,-12021000000.0,38.66518184701559,23.54179763793945,30.40448188781738,36.40493392944336,30.57322311401367,48.74846649169922,62.31818389892578,-71502128578.0,-154622768
91,AMAZONAS,2021,39692.0,41173.0,80865.0,911442221130.0203,866344393376.4615,,232755000000.0,44758000000.0,16151000000.0,460000000.0,195669000000.0,34505000000.0,34505000000.0,10253000000.0,187997000000.0,27690000000.0,161165000000.0,37086000000.0,39.06132224582161,23.55112075805664,32.37846755981445,38.35286331176758,34.59677124023438,46.55602645874023,58.93267822265625,-71502128578.0,-154622768
91,AMAZONAS,2022,40517.0,41479.0,81996.0,1078559738955.1542,1020536887782.5784,,290163000000.0,50940000000.0,18644000000.0,4468000000.0,242245000000.0,30500000000.0,30500000000.0,20440000000.0,239223000000.0,53102000000.0,211745000000.0,47918000000.0,38.71822361867543,23.54937362670898,34.60430908203125,39.05409622192383,32.39886093139648,48.35653686523438,54.34616470336914,-71502128578.0,-154622768
91,AMAZONAS,2023,41313.0,41774.0,83087.0,1212823072224.872,1150957272290.8762,,245955000000.0,55775000000.0,16259000000.0,4667000000.0,290544000000.0,36369000000.0,35684000000.0,19406000000.0,190180000000.0,0.0,254175000000.0,-44589000000.0,39.9056959420729,23.56748199462891,29.76816177368164,40.12680816650391,34.34692001342773,53.48261260986328,58.14219284057617,-71502128578.0,-154622768
91,AMAZONAS,2024,42092.0,42017.0,84109.0,1330558801690.0432,1265760008555.4922,7500000000.0,443840000000.0,70686000000.0,21280000000.0,6135000000.0,335036000000.0,45608000000.0,44952000000.0,25078000000.0,373154000000.0,0.0,289428000000.0,108804000000.0,43.27223590412887,23.76283836364746,33.62660980224609,45.64048385620117,43.74192810058594,56.60020065307617,56.26135635375977,-71502128578.0,-154622768
94,GUAINÍA,2018,20322.0,27759.0,48081.0,363559081821.2723,350546611149.1039,,156393000000.0,31418000000.0,13282000000.0,404000000.0,187949000000.0,15343000000.0,15343000000.0,16075000000.0,124976000000.0,36118000000.0,172606000000.0,-31556000000.0,33.73584469340199,19.5261116027832,23.20665550231934,20.14116477966309,24.78037452697754,57.28659820556641,57.47416305541992,-68816612721.0,2727842865
94,GUAINÍA,2019,21296.0,28652.0,49948.0,389761277546.1637,375566250925.2169,,179098000000.0,41104000000.0,18940000000.0,80000000.0,192605000000.0,15519000000.0,15519000000.0,25585000000.0,137994000000.0,31899000000.0,177086000000.0,-13507000000.0,34.22295605713732,19.68956184387207,25.36151695251465,22.69691848754883,19.28095436096191,56.83682250976562,61.47195816040039,-68816612721.0,2727842865
94,GUAINÍA,2020,23366.0,28406.0,51772.0,374180508480.9914,361521774179.314,,164788000000.0,46650000000.0,18134000000.0,147000000.0,152770000000.0,16779000000.0,16779000000.0,29871000000.0,118138000000.0,7693000000.0,135992000000.0,12018000000.0,35.18811804792166,19.65111351013184,30.23943710327148,23.13456535339355,22.92224502563477,55.06098556518555,60.120361328125,-68816612721.0,2727842865
94,GUAINÍA,2021,24285.0,29200.0,53485.0,443812712520.037,427799683266.5932,,216077000000.0,52477000000.0,24643000000.0,677000000.0,266125000000.0,18740000000.0,18740000000.0,33737000000.0,163600000000.0,11529000000.0,247384000000.0,-50047000000.0,36.29459911763972,19.59030151367188,30.97634696960449,25.87439155578613,22.32897186279297,57.48599243164062,61.51158905029297,-68816612721.0,2727842865
94,GUAINÍA,2022,25173.0,29956.0,55129.0,500646279901.3795,480182356553.5375,,280693000000.0,48139000000.0,23696000000.0,3071000000.0,210884000000.0,22259000000.0,22259000000.0,25879000000.0,232555000000.0,93376000000.0,188625000000.0,69810000000.0,38.0137082410114,19.63495445251465,32.21170806884766,28.50883865356445,25.6655158996582,62.22812652587891,59.83310699462891,-68816612721.0,2727842865
94,GUAINÍA,2023,26025.0,30672.0,56697.0,554722733617.2439,533381238556.8534,,229426000000.0,74768000000.0,32052000000.0,10662000000.0,237348000000.0,25368000000.0,25368000000.0,49400000000.0,154658000000.0,0.0,211980000000.0,-7922000000.0,38.36092158085086,19.61565971374512,31.33722305297852,27.71202659606934,27.90408325195312,66.72383880615234,56.87269973754883,-68816612721.0,2727842865
94,GUAINÍA,2024,26880.0,31360.0,58240.0,605466784288.3943,583150464620.5367,,279469000000.0,89747000000.0,37812000000.0,4357000000.0,290556000000.0,28698000000.0,28698000000.0,61050000000.0,189722000000.0,0.0,261858000000.0,-11087000000.0,42.16202429506041,22.48044395446777,33.57962799072266,29.35207748413086,40.6655158996582,70.12517547607422,56.76930236816406,-68816612721.0,2727842865
95,GUAVIARE,2018,46066.0,36702.0,82768.0,783327280422.9999,754070804825.8496,5076000000.0,193866000000.0,50564000000.0,25848000000.0,1613000000.0,212541000000.0,24056000000.0,23707000000.0,26509000000.0,143302000000.0,45336000000.0,188486000000.0,-18675000000.0,31.15948778825613,27.05940246582031,29.98691368103027,48.41272354125977,14.82347202301025,22.39055061340332,44.28386306762695,-72128595691.0,1924531973
95,GUAVIARE,2019,46282.0,36856.0,83138.0,832392009780.7767,800926451759.8962,7284000000.0,191801000000.0,51987000000.0,28581000000.0,1621000000.0,247374000000.0,28944000000.0,28638000000.0,23042000000.0,139814000000.0,33235000000.0,218430000000.0,-55574000000.0,34.7850106701894,27.51691627502441,32.73111343383789,51.18151473999023,22.08907127380371,26.90717315673828,48.28427505493164,-72128595691.0,1924531973
95,GUAVIARE,2020,46582.0,36992.0,83574.0,826161131507.2871,796984855147.6066,6034000000.0,216824000000.0,59400000000.0,32825000000.0,1414000000.0,231218000000.0,27458000000.0,27045000000.0,31942000000.0,157424000000.0,49225000000.0,203759000000.0,-14393000000.0,34.46777452084577,27.73410797119141,36.63191223144531,47.25843811035156,21.76826858520508,24.89974212646484,48.51417541503906,-72128595691.0,1924531973
95,GUAVIARE,2021,46763.0,37122.0,83885.0,954875403322.7303,919171886709.0806,3871000000.0,238323000000.0,68853000000.0,43068000000.0,1984000000.0,297996000000.0,31884000000.0,31685000000.0,36970000000.0,169470000000.0,31679000000.0,266112000000.0,-59673000000.0,35.37859822901316,27.99995613098145,36.62440490722656,47.42029190063477,24.23444366455078,25.2680606842041,50.72443389892578,-72128595691.0,1924531973
95,GUAVIARE,2022,46861.0,37246.0,84107.0,1147603773859.653,1101932117675.8833,23547000000.0,298760000000.0,70826000000.0,35466000000.0,11120000000.0,201279000000.0,35638000000.0,35112000000.0,35188000000.0,227934000000.0,104260000000.0,165641000000.0,97481000000.0,36.31073754306021,28.20705413818359,35.64957046508789,52.60620880126953,29.75716781616211,22.53298568725586,49.11143493652344,-72128595691.0,1924531973
95,GUAVIARE,2023,46934.0,37384.0,84318.0,1265944002669.5845,1218492462782.2852,22511000000.0,231790000000.0,83555000000.0,39885000000.0,12972000000.0,254707000000.0,55616000000.0,53592000000.0,27939000000.0,148235000000.0,18042000000.0,199091000000.0,-22917000000.0,37.68690407273706,28.68132972717285,34.82860946655273,50.76167678833008,33.43909072875977,26.74379348754883,51.66692733764648,-72128595691.0,1924531973
95,GUAVIARE,2024,47001.0,37549.0,84550.0,1396422835146.1982,1346765486830.0632,21600000000.0,297648000000.0,92110000000.0,39890000000.0,13254000000.0,317395000000.0,58732000000.0,56019000000.0,33377000000.0,205539000000.0,33111000000.0,258662000000.0,-19746000000.0,38.98811893858922,28.67021751403809,38.7805290222168,55.86414337158203,38.8099479675293,26.05282211303711,45.75105667114258,-72128595691.0,1924531973
97,VAUPÉS,2018,12110.0,28664.0,40774.0,281404405530.71204,272403314889.26318,,115702000000.0,35209000000.0,9694000000.0,668000000.0,114944000000.0,13137000000.0,13137000000.0,22072000000.0,80494000000.0,19257000000.0,101807000000.0,759000000.0,29.41913062360987,19.67429161071777,20.71632194519043,18.77354049682617,8.862129211425781,59.29335021972656,49.19515228271484,-70561405657.0,"0,64624561"
97,VAUPÉS,2019,12065.0,29383.0,41448.0,303082096905.0399,293273783408.4601,,106681000000.0,27738000000.0,7712000000.0,450000000.0,129973000000.0,15322000000.0,15322000000.0,12415000000.0,78943000000.0,0.0,114651000000.0,-23292000000.0,32.23054771714809,19.86725044250488,28.89179229736328,31.38309097290039,6.905699253082275,57.23708343505859,49.09837341308594,-70561405657.0,"0,64624561"
97,VAUPÉS,2020,12070.0,30065.0,42135.0,293627258587.52655,284638638542.28796,,200740000000.0,36933000000.0,11600000000.0,318000000.0,211117000000.0,17080000000.0,17080000000.0,19853000000.0,163807000000.0,76866000000.0,194037000000.0,-10377000000.0,29.26065684483072,20.00704574584961,26.03915023803711,18.99437522888184,6.138495445251465,55.42601013183594,48.9588623046875,-70561405657.0,"0,64624561"
97,VAUPÉS,2021,12123.0,30518.0,42641.0,333671190284.2122,322495663457.3725,,133554000000.0,35445000000.0,10890000000.0,398000000.0,176405000000.0,16315000000.0,16315000000.0,19131000000.0,98109000000.0,408000000.0,160090000000.0,-42851000000.0,31.69122205781172,20.16872978210449,27.48066902160645,24.01660346984863,6.503284931182861,62.97982788085938,48.99821472167969,-70561405657.0,"0,64624561"
97,VAUPÉS,2022,12106.0,30903.0,43009.0,378939472426.875,364759353579.42993,,180689000000.0,44439000000.0,13675000000.0,6243000000.0,168593000000.0,17494000000.0,17494000000.0,26945000000.0,136250000000.0,28390000000.0,151099000000.0,12096000000.0,30.9907646091628,20.33549880981445,27.4879035949707,25.65083122253418,9.047094345092773,57.07647323608398,46.34678649902344,-70561405657.0,"0,64624561"
97,VAUPÉS,2023,12066.0,31317.0,43383.0,426943513840.2957,411845444574.40137,,171401000000.0,57170000000.0,16325000000.0,6869000000.0,162472000000.0,19321000000.0,19321000000.0,37849000000.0,114231000000.0,0.0,143151000000.0,8929000000.0,31.38816560311934,20.55914497375488,28.73512268066406,22.3416805267334,5.332233428955078,58.7306022644043,52.63020706176758,-70561405657.0,"0,64624561"
97,VAUPÉS,2024,11991.0,31784.0,43775.0,471892034355.6026,456024343743.81915,,219720000000.0,56050000000.0,14204000000.0,2469000000.0,238199000000.0,22885000000.0,22885000000.0,33165000000.0,163670000000.0,0.0,215313000000.0,-18478000000.0,35.9424647385289,20.92444229125977,30.78611183166504,30.47845077514648,17.72481155395508,63.13445663452148,52.60651779174805,-70561405657.0,"0,64624561"
99,VICHADA,2018,25848.0,81854.0,107702.0,634893298813.4707,616595284454.748,,173916000000.0,37088000000.0,12822000000.0,239000000.0,177092000000.0,15848000000.0,15568000000.0,21239000000.0,136828000000.0,47042000000.0,161244000000.0,-3176000000.0,32.2215178083562,16.98969078063965,32.32537078857422,16.38630294799805,10.45559501647949,73.89591979980469,43.27622985839844,-6941400011.0,4713557125
99,VICHADA,2019,27352.0,86697.0,114049.0,688096694692.3875,668098529648.6387,2146000000.0,212900000000.0,45616000000.0,20968000000.0,216000000.0,197592000000.0,22234000000.0,21974000000.0,23381000000.0,167284000000.0,72948000000.0,175358000000.0,15308000000.0,34.30749892296241,16.53604698181152,32.15322875976562,16.5339183807373,14.70735740661621,78.42273712158203,47.49170303344727,-6941400011.0,4713557125
99,VICHADA,2020,28885.0,91579.0,120464.0,686698932697.447,669467706640.3746,1334000000.0,188558000000.0,39167000000.0,12457000000.0,261000000.0,117469000000.0,18880000000.0,18880000000.0,20287000000.0,149391000000.0,54049000000.0,98589000000.0,71089000000.0,33.96257305523452,15.61196422576904,33.72714233398438,15.11941909790039,11.48083114624023,80.97647094726562,46.85961151123047,-6941400011.0,4713557125
99,VICHADA,2021,29455.0,96759.0,126214.0,803226389147.2562,781408979948.5175,1334000000.0,146677000000.0,37394000000.0,11518000000.0,265000000.0,214238000000.0,91218000000.0,91036000000.0,-53825000000.0,109283000000.0,13609000000.0,123020000000.0,-67561000000.0,34.00246300265829,15.57107257843018,34.19131469726562,22.86885452270508,10.29452133178711,80.56378173828125,40.52523803710938,-6941400011.0,4713557125
99,VICHADA,2022,29913.0,101911.0,131824.0,966997876084.737,938756993183.3507,,229735000000.0,43418000000.0,17213000000.0,1935000000.0,172736000000.0,28116000000.0,28103000000.0,15302000000.0,186317000000.0,69129000000.0,144620000000.0,56999000000.0,34.80736312375466,15.14035320281982,38.16345977783203,19.42359352111816,10.50333976745605,80.56555938720703,45.04787063598633,-6941400011.0,4713557125
99,VICHADA,2023,30338.0,107091.0,137429.0,1056827483057.4946,1027402274985.205,,301483000000.0,60736000000.0,25587000000.0,3279000000.0,371477000000.0,34591000000.0,34591000000.0,26145000000.0,240747000000.0,115152000000.0,336886000000.0,-69993000000.0,39.45148305301163,14.96074771881104,38.30462646484375,22.26730155944824,27.50597763061523,81.84320068359375,51.82704162597656,-6941400011.0,4713557125
99,VICHADA,2024,30776.0,112341.0,143117.0,1167185810716.704,1136306131582.0117,,463562000000.0,79040000000.0,31603000000.0,3566000000.0,415749000000.0,34725000000.0,34725000000.0,44315000000.0,384522000000.0,179094000000.0,381024000000.0,47813000000.0,40.73782736246431,15.20629596710205,44.11874008178711,20.62030410766602,31.4205150604248,83.58574676513672,49.47536087036133,-6941400011.0,4713557125
,,2018,,,,151611316015480.38,,,,,,,,,,,,,,,,,,,,,,,
,,2018,,,,200518656849580.62,,,,,,,,,,,,,,,,,,,,,,,
,,2018,,,,222281280674202.2,,,,,,,,,,,,,,,,,,,,,,,
,,2018,,,,131984693590169.89,,,,,,,,,,,,,,,,,,,,,,,
,,2018,,,,27454028371978.48,,,,,,,,,,,,,,,,,,,,,,,
,,2019,,,,159572122642784.97,,,,,,,,,,,,,,,,,,,,,,,
,,2019,,,,215593748980147.5,,,,,,,,,,,,,,,,,,,,,,,
,,2019,,,,240220007510665.53,,,,,,,,,,,,,,,,,,,,,,,
,,2019,,,,142003783368909.72,,,,,,,,,,,,,,,,,,,,,,,
,,2019,,,,29153983260261.863,,,,,,,,,,,,,,,,,,,,,,,
,,2020,,,,147419290853657.8,,,,,,,,,,,,,,,,,,,,,,,
,,2020,,,,195772904493533.78,,,,,,,,,,,,,,,,,,,,,,,
,,2020,,,,231962189983039.03,,,,,,,,,,,,,,,,,,,,,,,
,,2020,,,,138500837103055.47,,,,,,,,,,,,,,,,,,,,,,,
,,2020,,,,24068293184292.066,,,,,,,,,,,,,,,,,,,,,,,
,,2021,,,,181685037335157.88,,,,,,,,,,,,,,,,,,,,,,,
,,2021,,,,238604890059438.72,,,,,,,,,,,,,,,,,,,,,,,
,,2021,,,,276289934915736.66,,,,,,,,,,,,,,,,,,,,,,,
,,2021,,,,161422892705117.66,,,,,,,,,,,,,,,,,,,,,,,
,,2021,,,,31343814237864.18,,,,,,,,,,,,,,,,,,,,,,,
,,2022,,,,236716496792343.1,,,,,,,,,,,,,,,,,,,,,,,
,,2022,,,,302998028230555.5,,,,,,,,,,,,,,,,,,,,,,,
,,2022,,,,332688187756862.25,,,,,,,,,,,,,,,,,,,,,,,
,,2022,,,,194729551840991.53,,,,,,,,,,,,,,,,,,,,,,,
,,2022,,,,41789887009585.48,,,,,,,,,,,,,,,,,,,,,,,
,,2023,,,,248160379863997.12,,,,,,,,,,,,,,,,,,,,,,,
,,2023,,,,322765579470003.75,,,,,,,,,,,,,,,,,,,,,,,
,,2023,,,,363574432364076.5,,,,,,,,,,,,,,,,,,,,,,,
,,2023,,,,212447677755675.0,,,,,,,,,,,,,,,,,,,,,,,
,,2023,,,,42176141199739.56,,,,,,,,,,,,,,,,,,,,,,,
,,2024,,,,257915384681299.03,,,,,,,,,,,,,,,,,,,,,,,
,,2024,,,,345152270868725.44,,,,,,,,,,,,,,,,,,,,,,,
,,2024,,,,398502351354874.0,,,,,,,,,,,,,,,,,,,,,,,
,,2024,,,,230868428281028.88,,,,,,,,,,,,,,,,,,,,,,,
,,2024,,,,43857708874232.61,,,,,,,,,,,,,,,,,,,,,,,
